{
  "C1": {
    "size": 1691,
    "lb_time": 504,
    "ub_time": 733,
    "dnode": "N22",
    "anode": "N1",
    "use": 1,
    "node": [
      "N22",
      "N1"
    ],
    "truck": [
      "T8"
    ],
    "nb_route": [
      [
        3,
        4
      ]
    ],
    "arrival_time": [
      520,
      615
    ],
    "departure_time": [
      574,
      685
    ]
  },
  "C2": {
    "size": 962,
    "lb_time": 40,
    "ub_time": 661,
    "dnode": "N3",
    "anode": "N21",
    "use": 1,
    "node": [
      "N3",
      "N21"
    ],
    "truck": [
      "T3"
    ],
    "nb_route": [
      [
        1,
        2
      ]
    ],
    "arrival_time": [
      40,
      442
    ],
    "departure_time": [
      40,
      488
    ]
  },
  "C3": {
    "size": 76,
    "lb_time": 34,
    "ub_time": 560,
    "dnode": "N3",
    "anode": "N2",
    "use": 1,
    "node": [
      "N3",
      "N2"
    ],
    "truck": [
      "T1"
    ],
    "nb_route": [
      [
        1,
        2
      ]
    ],
    "arrival_time": [
      125,
      450
    ],
    "departure_time": [
      125,
      474
    ]
  },
  "C4": {
    "size": 146,
    "lb_time": 28,
    "ub_time": 716,
    "dnode": "N3",
    "anode": "N10",
    "use": 1,
    "node": [
      "N3",
      "N10"
    ],
    "truck": [
      "T5"
    ],
    "nb_route": [
      [
        1,
        2
      ]
    ],
    "arrival_time": [
      28,
      426
    ],
    "departure_time": [
      28,
      466
    ]
  },
  "C5": {
    "size": 695,
    "lb_time": 34,
    "ub_time": 595,
    "dnode": "N3",
    "anode": "N22",
    "use": 1,
    "node": [
      "N3",
      "N2",
      "N22"
    ],
    "truck": [
      "T1",
      "T1"
    ],
    "nb_route": [
      [
        1,
        2
      ],
      [
        2,
        3
      ]
    ],
    "arrival_time": [
      125,
      450,
      534
    ],
    "departure_time": [
      125,
      474,
      604
    ]
  },
  "C6": {
    "size": 207,
    "lb_time": 28,
    "ub_time": 733,
    "dnode": "N3",
    "anode": "N6",
    "use": 1,
    "node": [
      "N3",
      "N6"
    ],
    "truck": [
      "T4"
    ],
    "nb_route": [
      [
        1,
        2
      ]
    ],
    "arrival_time": [
      28,
      246
    ],
    "departure_time": [
      28,
      274
    ]
  },
  "C7": {
    "size": 1732,
    "lb_time": 57,
    "ub_time": 610,
    "dnode": "N3",
    "anode": "N25",
    "use": 1,
    "node": [
      "N3",
      "N25"
    ],
    "truck": [
      "T2"
    ],
    "nb_route": [
      [
        1,
        2
      ]
    ],
    "arrival_time": [
      57,
      442
    ],
    "departure_time": [
      57,
      498
    ]
  },
  "C8": {
    "size": 600,
    "lb_time": 40,
    "ub_time": 733,
    "dnode": "N3",
    "anode": "N10",
    "use": 1,
    "node": [
      "N3",
      "N21",
      "N10"
    ],
    "truck": [
      "T3",
      "T3"
    ],
    "nb_route": [
      [
        1,
        2
      ],
      [
        2,
        3
      ]
    ],
    "arrival_time": [
      40,
      442,
      514
    ],
    "departure_time": [
      40,
      488,
      531
    ]
  },
  "C9": {
    "size": 771,
    "lb_time": 28,
    "ub_time": 459,
    "dnode": "N3",
    "anode": "N10",
    "use": 1,
    "node": [
      "N3",
      "N10"
    ],
    "truck": [
      "T5"
    ],
    "nb_route": [
      [
        1,
        2
      ]
    ],
    "arrival_time": [
      28,
      426
    ],
    "departure_time": [
      28,
      466
    ]
  },
  "C10": {
    "size": 179,
    "lb_time": 34,
    "ub_time": 733,
    "dnode": "N3",
    "anode": "N2",
    "use": 1,
    "node": [
      "N3",
      "N2"
    ],
    "truck": [
      "T1"
    ],
    "nb_route": [
      [
        1,
        2
      ]
    ],
    "arrival_time": [
      125,
      450
    ],
    "departure_time": [
      125,
      474
    ]
  },
  "C11": {
    "size": 88,
    "lb_time": 34,
    "ub_time": 595,
    "dnode": "N3",
    "anode": "N22",
    "use": 1,
    "node": [
      "N3",
      "N2",
      "N22"
    ],
    "truck": [
      "T1",
      "T1"
    ],
    "nb_route": [
      [
        1,
        2
      ],
      [
        2,
        3
      ]
    ],
    "arrival_time": [
      125,
      450,
      534
    ],
    "departure_time": [
      125,
      474,
      604
    ]
  },
  "C12": {
    "size": 454,
    "lb_time": 28,
    "ub_time": 490,
    "dnode": "N3",
    "anode": "N10",
    "use": 1,
    "node": [
      "N3",
      "N10"
    ],
    "truck": [
      "T5"
    ],
    "nb_route": [
      [
        1,
        2
      ]
    ],
    "arrival_time": [
      28,
      426
    ],
    "departure_time": [
      28,
      466
    ]
  },
  "C13": {
    "size": 80,
    "lb_time": 28,
    "ub_time": 727,
    "dnode": "N3",
    "anode": "N10",
    "use": 1,
    "node": [
      "N3",
      "N10"
    ],
    "truck": [
      "T5"
    ],
    "nb_route": [
      [
        1,
        2
      ]
    ],
    "arrival_time": [
      28,
      426
    ],
    "departure_time": [
      28,
      466
    ]
  },
  "C14": {
    "size": 718,
    "lb_time": 34,
    "ub_time": 733,
    "dnode": "N3",
    "anode": "N17",
    "use": 1,
    "node": [
      "N3",
      "N2",
      "N22",
      "N17"
    ],
    "truck": [
      "T1",
      "T1",
      "T1"
    ],
    "nb_route": [
      [
        1,
        2
      ],
      [
        2,
        3
      ],
      [
        3,
        4
      ]
    ],
    "arrival_time": [
      125,
      450,
      534,
      648
    ],
    "departure_time": [
      125,
      474,
      604,
      692
    ]
  },
  "C15": {
    "size": 93,
    "lb_time": 57,
    "ub_time": 520,
    "dnode": "N3",
    "anode": "N25",
    "use": 1,
    "node": [
      "N3",
      "N25"
    ],
    "truck": [
      "T2"
    ],
    "nb_route": [
      [
        1,
        2
      ]
    ],
    "arrival_time": [
      57,
      442
    ],
    "departure_time": [
      57,
      498
    ]
  },
  "C16": {
    "size": 414,
    "lb_time": 34,
    "ub_time": 733,
    "dnode": "N3",
    "anode": "N1",
    "use": 1,
    "node": [
      "N3",
      "N2",
      "N22",
      "N1"
    ],
    "truck": [
      "T1",
      "T1",
      "T8"
    ],
    "nb_route": [
      [
        1,
        2
      ],
      [
        2,
        3
      ],
      [
        3,
        4
      ]
    ],
    "arrival_time": [
      125,
      450,
      534,
      615
    ],
    "departure_time": [
      125,
      474,
      574,
      685
    ]
  },
  "C17": {
    "size": 149,
    "lb_time": 28,
    "ub_time": 561,
    "dnode": "N3",
    "anode": "N10",
    "use": 1,
    "node": [
      "N3",
      "N10"
    ],
    "truck": [
      "T5"
    ],
    "nb_route": [
      [
        1,
        2
      ]
    ],
    "arrival_time": [
      28,
      426
    ],
    "departure_time": [
      28,
      466
    ]
  },
  "C18": {
    "size": 1847,
    "lb_time": 40,
    "ub_time": 733,
    "dnode": "N3",
    "anode": "N21",
    "use": 1,
    "node": [
      "N3",
      "N21"
    ],
    "truck": [
      "T3"
    ],
    "nb_route": [
      [
        1,
        2
      ]
    ],
    "arrival_time": [
      40,
      442
    ],
    "departure_time": [
      40,
      488
    ]
  },
  "C19": {
    "size": 295,
    "lb_time": 57,
    "ub_time": 610,
    "dnode": "N3",
    "anode": "N25",
    "use": 1,
    "node": [
      "N3",
      "N25"
    ],
    "truck": [
      "T2"
    ],
    "nb_route": [
      [
        1,
        2
      ]
    ],
    "arrival_time": [
      57,
      442
    ],
    "departure_time": [
      57,
      498
    ]
  },
  "C20": {
    "size": 1287,
    "lb_time": 28,
    "ub_time": 733,
    "dnode": "N3",
    "anode": "N15",
    "use": 1,
    "node": [
      "N3",
      "N6",
      "N15"
    ],
    "truck": [
      "T4",
      "T4"
    ],
    "nb_route": [
      [
        1,
        2
      ],
      [
        2,
        3
      ]
    ],
    "arrival_time": [
      28,
      246,
      476
    ],
    "departure_time": [
      28,
      274,
      501
    ]
  },
  "C21": {
    "size": 1648,
    "lb_time": 34,
    "ub_time": 733,
    "dnode": "N3",
    "anode": "N22",
    "use": 1,
    "node": [
      "N3",
      "N2",
      "N22"
    ],
    "truck": [
      "T1",
      "T1"
    ],
    "nb_route": [
      [
        1,
        2
      ],
      [
        2,
        3
      ]
    ],
    "arrival_time": [
      125,
      450,
      534
    ],
    "departure_time": [
      125,
      474,
      604
    ]
  },
  "C22": {
    "size": 1252,
    "lb_time": 34,
    "ub_time": 608,
    "dnode": "N3",
    "anode": "N22",
    "use": 1,
    "node": [
      "N3",
      "N2",
      "N22"
    ],
    "truck": [
      "T1",
      "T1"
    ],
    "nb_route": [
      [
        1,
        2
      ],
      [
        2,
        3
      ]
    ],
    "arrival_time": [
      125,
      450,
      534
    ],
    "departure_time": [
      125,
      474,
      604
    ]
  },
  "C23": {
    "size": 180,
    "lb_time": 57,
    "ub_time": 536,
    "dnode": "N3",
    "anode": "N25",
    "use": 1,
    "node": [
      "N3",
      "N25"
    ],
    "truck": [
      "T2"
    ],
    "nb_route": [
      [
        1,
        2
      ]
    ],
    "arrival_time": [
      57,
      442
    ],
    "departure_time": [
      57,
      498
    ]
  },
  "C24": {
    "size": 229,
    "lb_time": 34,
    "ub_time": 624,
    "dnode": "N3",
    "anode": "N22",
    "use": 1,
    "node": [
      "N3",
      "N2",
      "N22"
    ],
    "truck": [
      "T1",
      "T1"
    ],
    "nb_route": [
      [
        1,
        2
      ],
      [
        2,
        3
      ]
    ],
    "arrival_time": [
      125,
      450,
      534
    ],
    "departure_time": [
      125,
      474,
      604
    ]
  },
  "C25": {
    "size": 609,
    "lb_time": 504,
    "ub_time": 733,
    "dnode": "N22",
    "anode": "N17",
    "use": 1,
    "node": [
      "N22",
      "N17"
    ],
    "truck": [
      "T1"
    ],
    "nb_route": [
      [
        3,
        4
      ]
    ],
    "arrival_time": [
      534,
      648
    ],
    "departure_time": [
      604,
      692
    ]
  },
  "C26": {
    "size": 576,
    "lb_time": 287,
    "ub_time": 733,
    "dnode": "N10",
    "anode": "N11",
    "use": 1,
    "node": [
      "N10",
      "N11"
    ],
    "truck": [
      "T11"
    ],
    "nb_route": [
      [
        2,
        3
      ]
    ],
    "arrival_time": [
      450,
      664
    ],
    "departure_time": [
      577,
      765
    ]
  },
  "C27": {
    "size": 590,
    "lb_time": 40,
    "ub_time": 638,
    "dnode": "N3",
    "anode": "N21",
    "use": 1,
    "node": [
      "N3",
      "N21"
    ],
    "truck": [
      "T3"
    ],
    "nb_route": [
      [
        1,
        2
      ]
    ],
    "arrival_time": [
      40,
      442
    ],
    "departure_time": [
      40,
      488
    ]
  },
  "C28": {
    "size": 1380,
    "lb_time": 28,
    "ub_time": 707,
    "dnode": "N3",
    "anode": "N14",
    "use": 1,
    "node": [
      "N3",
      "N10",
      "N14"
    ],
    "truck": [
      "T5",
      "T5"
    ],
    "nb_route": [
      [
        1,
        2
      ],
      [
        2,
        3
      ]
    ],
    "arrival_time": [
      28,
      426,
      555
    ],
    "departure_time": [
      28,
      466,
      601
    ]
  },
  "C29": {
    "size": 1628,
    "lb_time": 396,
    "ub_time": 733,
    "dnode": "N10",
    "anode": "N11",
    "use": 1,
    "node": [
      "N10",
      "N11"
    ],
    "truck": [
      "T11"
    ],
    "nb_route": [
      [
        2,
        3
      ]
    ],
    "arrival_time": [
      450,
      664
    ],
    "departure_time": [
      577,
      765
    ]
  },
  "C30": {
    "size": 153,
    "lb_time": 28,
    "ub_time": 715,
    "dnode": "N3",
    "anode": "N14",
    "use": 1,
    "node": [
      "N3",
      "N10",
      "N14"
    ],
    "truck": [
      "T5",
      "T5"
    ],
    "nb_route": [
      [
        1,
        2
      ],
      [
        2,
        3
      ]
    ],
    "arrival_time": [
      28,
      426,
      555
    ],
    "departure_time": [
      28,
      466,
      601
    ]
  },
  "C31": {
    "size": 765,
    "lb_time": 34,
    "ub_time": 470,
    "dnode": "N3",
    "anode": "N2",
    "use": 1,
    "node": [
      "N3",
      "N2"
    ],
    "truck": [
      "T1"
    ],
    "nb_route": [
      [
        1,
        2
      ]
    ],
    "arrival_time": [
      125,
      450
    ],
    "departure_time": [
      125,
      474
    ]
  },
  "C32": {
    "size": 422,
    "lb_time": 10,
    "ub_time": 733,
    "dnode": "N9",
    "anode": "N10",
    "use": 1,
    "node": [
      "N9",
      "N10"
    ],
    "truck": [
      "T13"
    ],
    "nb_route": [
      [
        1,
        2
      ]
    ],
    "arrival_time": [
      37,
      427
    ],
    "departure_time": [
      37,
      478
    ]
  },
  "C33": {
    "size": 495,
    "lb_time": 448,
    "ub_time": 733,
    "dnode": "N10",
    "anode": "N24",
    "use": 1,
    "node": [
      "N10",
      "N24"
    ],
    "truck": [
      "T13"
    ],
    "nb_route": [
      [
        2,
        3
      ]
    ],
    "arrival_time": [
      427,
      542
    ],
    "departure_time": [
      478,
      583
    ]
  },
  "C34": {
    "size": 145,
    "lb_time": 531,
    "ub_time": 733,
    "dnode": "N22",
    "anode": "N1",
    "use": 1,
    "node": [
      "N22",
      "N1"
    ],
    "truck": [
      "T8"
    ],
    "nb_route": [
      [
        3,
        4
      ]
    ],
    "arrival_time": [
      520,
      615
    ],
    "departure_time": [
      574,
      685
    ]
  },
  "C35": {
    "size": 1439,
    "lb_time": 28,
    "ub_time": 352,
    "dnode": "N3",
    "anode": "N6",
    "use": 1,
    "node": [
      "N3",
      "N6"
    ],
    "truck": [
      "T4"
    ],
    "nb_route": [
      [
        1,
        2
      ]
    ],
    "arrival_time": [
      28,
      246
    ],
    "departure_time": [
      28,
      274
    ]
  },
  "C36": {
    "size": 3589,
    "lb_time": 7,
    "ub_time": 733,
    "dnode": "N8",
    "anode": "N15",
    "use": 1,
    "node": [
      "N8",
      "N20",
      "N15"
    ],
    "truck": [
      "T19",
      "T19"
    ],
    "nb_route": [
      [
        1,
        2
      ],
      [
        2,
        3
      ]
    ],
    "arrival_time": [
      7,
      399,
      481
    ],
    "departure_time": [
      7,
      438,
      515
    ]
  },
  "C37": {
    "size": 1737,
    "lb_time": 0,
    "ub_time": 733,
    "dnode": "N8",
    "anode": "N26",
    "use": 1,
    "node": [
      "N8",
      "N26"
    ],
    "truck": [
      "T6"
    ],
    "nb_route": [
      [
        1,
        2
      ]
    ],
    "arrival_time": [
      0,
      357
    ],
    "departure_time": [
      0,
      380
    ]
  },
  "C38": {
    "size": 2173,
    "lb_time": 17,
    "ub_time": 733,
    "dnode": "N8",
    "anode": "N27",
    "use": 1,
    "node": [
      "N8",
      "N17",
      "N27"
    ],
    "truck": [
      "T10",
      "T10"
    ],
    "nb_route": [
      [
        1,
        2
      ],
      [
        2,
        3
      ]
    ],
    "arrival_time": [
      17,
      361,
      410
    ],
    "departure_time": [
      17,
      384,
      437
    ]
  },
  "C39": {
    "size": 2722,
    "lb_time": 5,
    "ub_time": 733,
    "dnode": "N8",
    "anode": "N10",
    "use": 1,
    "node": [
      "N8",
      "N10"
    ],
    "truck": [
      "T11"
    ],
    "nb_route": [
      [
        1,
        2
      ]
    ],
    "arrival_time": [
      67,
      450
    ],
    "departure_time": [
      67,
      577
    ]
  },
  "C40": {
    "size": 240,
    "lb_time": 10,
    "ub_time": 556,
    "dnode": "N9",
    "anode": "N10",
    "use": 1,
    "node": [
      "N9",
      "N10"
    ],
    "truck": [
      "T13"
    ],
    "nb_route": [
      [
        1,
        2
      ]
    ],
    "arrival_time": [
      37,
      427
    ],
    "departure_time": [
      37,
      478
    ]
  },
  "C41": {
    "size": 3305,
    "lb_time": 9,
    "ub_time": 733,
    "dnode": "N9",
    "anode": "N27",
    "use": 1,
    "node": [
      "N9",
      "N27"
    ],
    "truck": [
      "T15"
    ],
    "nb_route": [
      [
        1,
        2
      ]
    ],
    "arrival_time": [
      9,
      365
    ],
    "departure_time": [
      9,
      398
    ]
  },
  "C42": {
    "size": 2803,
    "lb_time": 57,
    "ub_time": 733,
    "dnode": "N3",
    "anode": "N25",
    "use": 1,
    "node": [
      "N3",
      "N25"
    ],
    "truck": [
      "T2"
    ],
    "nb_route": [
      [
        1,
        2
      ]
    ],
    "arrival_time": [
      57,
      442
    ],
    "departure_time": [
      57,
      498
    ]
  },
  "C43": {
    "size": 574,
    "lb_time": 40,
    "ub_time": 607,
    "dnode": "N3",
    "anode": "N21",
    "use": 1,
    "node": [
      "N3",
      "N21"
    ],
    "truck": [
      "T3"
    ],
    "nb_route": [
      [
        1,
        2
      ]
    ],
    "arrival_time": [
      40,
      442
    ],
    "departure_time": [
      40,
      488
    ]
  },
  "C44": {
    "size": 396,
    "lb_time": 363,
    "ub_time": 733,
    "dnode": "N22",
    "anode": "N17",
    "use": 1,
    "node": [
      "N22",
      "N17"
    ],
    "truck": [
      "T1"
    ],
    "nb_route": [
      [
        3,
        4
      ]
    ],
    "arrival_time": [
      534,
      648
    ],
    "departure_time": [
      604,
      692
    ]
  },
  "C45": {
    "size": 2298,
    "lb_time": 2,
    "ub_time": 733,
    "dnode": "N8",
    "anode": "N21",
    "use": 1,
    "node": [
      "N8",
      "N21"
    ],
    "truck": [
      "T7"
    ],
    "nb_route": [
      [
        1,
        2
      ]
    ],
    "arrival_time": [
      77,
      463
    ],
    "departure_time": [
      77,
      509
    ]
  },
  "C46": {
    "size": 1322,
    "lb_time": 30,
    "ub_time": 733,
    "dnode": "N8",
    "anode": "N22",
    "use": 1,
    "node": [
      "N8",
      "N7",
      "N22"
    ],
    "truck": [
      "T8",
      "T8"
    ],
    "nb_route": [
      [
        1,
        2
      ],
      [
        2,
        3
      ]
    ],
    "arrival_time": [
      143,
      315,
      520
    ],
    "departure_time": [
      143,
      342,
      574
    ]
  },
  "C47": {
    "size": 400,
    "lb_time": 28,
    "ub_time": 646,
    "dnode": "N3",
    "anode": "N15",
    "use": 1,
    "node": [
      "N3",
      "N6",
      "N15"
    ],
    "truck": [
      "T4",
      "T4"
    ],
    "nb_route": [
      [
        1,
        2
      ],
      [
        2,
        3
      ]
    ],
    "arrival_time": [
      28,
      246,
      476
    ],
    "departure_time": [
      28,
      274,
      501
    ]
  },
  "C48": {
    "size": 107,
    "lb_time": 28,
    "ub_time": 441,
    "dnode": "N3",
    "anode": "N6",
    "use": 1,
    "node": [
      "N3",
      "N6"
    ],
    "truck": [
      "T4"
    ],
    "nb_route": [
      [
        1,
        2
      ]
    ],
    "arrival_time": [
      28,
      246
    ],
    "departure_time": [
      28,
      274
    ]
  },
  "C49": {
    "size": 630,
    "lb_time": 456,
    "ub_time": 733,
    "dnode": "N21",
    "anode": "N18",
    "use": 1,
    "node": [
      "N21",
      "N18"
    ],
    "truck": [
      "T7"
    ],
    "nb_route": [
      [
        2,
        3
      ]
    ],
    "arrival_time": [
      463,
      538
    ],
    "departure_time": [
      509,
      592
    ]
  },
  "C50": {
    "size": 636,
    "lb_time": 450,
    "ub_time": 733,
    "dnode": "N10",
    "anode": "N20",
    "use": 1,
    "node": [
      "N10",
      "N20"
    ],
    "truck": [
      "T16"
    ],
    "nb_route": [
      [
        3,
        4
      ]
    ],
    "arrival_time": [
      466,
      537
    ],
    "departure_time": [
      515,
      591
    ]
  },
  "C51": {
    "size": 160,
    "lb_time": 504,
    "ub_time": 733,
    "dnode": "N22",
    "anode": "N17",
    "use": 1,
    "node": [
      "N22",
      "N17"
    ],
    "truck": [
      "T1"
    ],
    "nb_route": [
      [
        3,
        4
      ]
    ],
    "arrival_time": [
      534,
      648
    ],
    "departure_time": [
      604,
      692
    ]
  },
  "C52": {
    "size": 164,
    "lb_time": 28,
    "ub_time": 570,
    "dnode": "N3",
    "anode": "N10",
    "use": 1,
    "node": [
      "N3",
      "N10"
    ],
    "truck": [
      "T5"
    ],
    "nb_route": [
      [
        1,
        2
      ]
    ],
    "arrival_time": [
      28,
      426
    ],
    "departure_time": [
      28,
      466
    ]
  },
  "C53": {
    "size": 509,
    "lb_time": 464,
    "ub_time": 733,
    "dnode": "N21",
    "anode": "N18",
    "use": 1,
    "node": [
      "N21",
      "N18"
    ],
    "truck": [
      "T7"
    ],
    "nb_route": [
      [
        2,
        3
      ]
    ],
    "arrival_time": [
      463,
      538
    ],
    "departure_time": [
      509,
      592
    ]
  },
  "C54": {
    "size": 1588,
    "lb_time": 57,
    "ub_time": 554,
    "dnode": "N3",
    "anode": "N25",
    "use": 1,
    "node": [
      "N3",
      "N25"
    ],
    "truck": [
      "T2"
    ],
    "nb_route": [
      [
        1,
        2
      ]
    ],
    "arrival_time": [
      57,
      442
    ],
    "departure_time": [
      57,
      498
    ]
  },
  "C55": {
    "size": 4061,
    "lb_time": 7,
    "ub_time": 733,
    "dnode": "N8",
    "anode": "N20",
    "use": 1,
    "node": [
      "N8",
      "N20"
    ],
    "truck": [
      "T19"
    ],
    "nb_route": [
      [
        1,
        2
      ]
    ],
    "arrival_time": [
      7,
      399
    ],
    "departure_time": [
      7,
      438
    ]
  },
  "C56": {
    "size": 150,
    "lb_time": 16,
    "ub_time": 536,
    "dnode": "N9",
    "anode": "N25",
    "use": 1,
    "node": [
      "N9",
      "N25"
    ],
    "truck": [
      "T17"
    ],
    "nb_route": [
      [
        1,
        2
      ]
    ],
    "arrival_time": [
      16,
      392
    ],
    "departure_time": [
      16,
      450
    ]
  },
  "C57": {
    "size": 4211,
    "lb_time": 2,
    "ub_time": 733,
    "dnode": "N8",
    "anode": "N18",
    "use": 1,
    "node": [
      "N8",
      "N21",
      "N18"
    ],
    "truck": [
      "T7",
      "T7"
    ],
    "nb_route": [
      [
        1,
        2
      ],
      [
        2,
        3
      ]
    ],
    "arrival_time": [
      77,
      463,
      538
    ],
    "departure_time": [
      77,
      509,
      592
    ]
  },
  "C58": {
    "size": 1821,
    "lb_time": 0,
    "ub_time": 733,
    "dnode": "N8",
    "anode": "N23",
    "use": 1,
    "node": [
      "N8",
      "N26",
      "N23"
    ],
    "truck": [
      "T6",
      "T6"
    ],
    "nb_route": [
      [
        1,
        2
      ],
      [
        2,
        3
      ]
    ],
    "arrival_time": [
      0,
      357,
      416
    ],
    "departure_time": [
      0,
      380,
      443
    ]
  },
  "C59": {
    "size": 880,
    "lb_time": 540,
    "ub_time": 733,
    "dnode": "N22",
    "anode": "N17",
    "use": 1,
    "node": [
      "N22",
      "N17"
    ],
    "truck": [
      "T1"
    ],
    "nb_route": [
      [
        3,
        4
      ]
    ],
    "arrival_time": [
      534,
      648
    ],
    "departure_time": [
      604,
      692
    ]
  },
  "C60": {
    "size": 694,
    "lb_time": 7,
    "ub_time": 610,
    "dnode": "N8",
    "anode": "N25",
    "use": 1,
    "node": [
      "N8",
      "N25"
    ],
    "truck": [
      "T18"
    ],
    "nb_route": [
      [
        1,
        2
      ]
    ],
    "arrival_time": [
      7,
      377
    ],
    "departure_time": [
      7,
      417
    ]
  },
  "C61": {
    "size": 1300,
    "lb_time": 16,
    "ub_time": 536,
    "dnode": "N9",
    "anode": "N25",
    "use": 1,
    "node": [
      "N9",
      "N25"
    ],
    "truck": [
      "T17"
    ],
    "nb_route": [
      [
        1,
        2
      ]
    ],
    "arrival_time": [
      16,
      392
    ],
    "departure_time": [
      16,
      450
    ]
  },
  "C62": {
    "size": 3045,
    "lb_time": 7,
    "ub_time": 733,
    "dnode": "N8",
    "anode": "N25",
    "use": 1,
    "node": [
      "N8",
      "N25"
    ],
    "truck": [
      "T18"
    ],
    "nb_route": [
      [
        1,
        2
      ]
    ],
    "arrival_time": [
      7,
      377
    ],
    "departure_time": [
      7,
      417
    ]
  },
  "C63": {
    "size": 1444,
    "lb_time": 17,
    "ub_time": 733,
    "dnode": "N8",
    "anode": "N12",
    "use": 1,
    "node": [
      "N8",
      "N17",
      "N27",
      "N12"
    ],
    "truck": [
      "T10",
      "T10",
      "T10"
    ],
    "nb_route": [
      [
        1,
        2
      ],
      [
        2,
        3
      ],
      [
        3,
        4
      ]
    ],
    "arrival_time": [
      17,
      361,
      410,
      475
    ],
    "departure_time": [
      17,
      384,
      437,
      497
    ]
  },
  "C64": {
    "size": 382,
    "lb_time": 19,
    "ub_time": 627,
    "dnode": "N9",
    "anode": "N22",
    "use": 1,
    "node": [
      "N9",
      "N2",
      "N22"
    ],
    "truck": [
      "T12",
      "T12"
    ],
    "nb_route": [
      [
        1,
        2
      ],
      [
        2,
        3
      ]
    ],
    "arrival_time": [
      19,
      335,
      412
    ],
    "departure_time": [
      19,
      352,
      447
    ]
  },
  "C65": {
    "size": 4093,
    "lb_time": 30,
    "ub_time": 733,
    "dnode": "N8",
    "anode": "N1",
    "use": 1,
    "node": [
      "N8",
      "N7",
      "N22",
      "N1"
    ],
    "truck": [
      "T8",
      "T8",
      "T8"
    ],
    "nb_route": [
      [
        1,
        2
      ],
      [
        2,
        3
      ],
      [
        3,
        4
      ]
    ],
    "arrival_time": [
      143,
      315,
      520,
      615
    ],
    "departure_time": [
      143,
      342,
      574,
      685
    ]
  },
  "C66": {
    "size": 951,
    "lb_time": 10,
    "ub_time": 733,
    "dnode": "N9",
    "anode": "N12",
    "use": 1,
    "node": [
      "N9",
      "N12"
    ],
    "truck": [
      "T16"
    ],
    "nb_route": [
      [
        1,
        2
      ]
    ],
    "arrival_time": [
      39,
      413
    ],
    "departure_time": [
      39,
      432
    ]
  },
  "C67": {
    "size": 1457,
    "lb_time": 16,
    "ub_time": 733,
    "dnode": "N9",
    "anode": "N16",
    "use": 1,
    "node": [
      "N9",
      "N25",
      "N16"
    ],
    "truck": [
      "T17",
      "T17"
    ],
    "nb_route": [
      [
        1,
        2
      ],
      [
        2,
        3
      ]
    ],
    "arrival_time": [
      16,
      392,
      472
    ],
    "departure_time": [
      16,
      450,
      496
    ]
  },
  "C68": {
    "size": 1896,
    "lb_time": 10,
    "ub_time": 733,
    "dnode": "N9",
    "anode": "N24",
    "use": 1,
    "node": [
      "N9",
      "N10",
      "N24"
    ],
    "truck": [
      "T13",
      "T13"
    ],
    "nb_route": [
      [
        1,
        2
      ],
      [
        2,
        3
      ]
    ],
    "arrival_time": [
      37,
      427,
      542
    ],
    "departure_time": [
      37,
      478,
      583
    ]
  },
  "C69": {
    "size": 738,
    "lb_time": 9,
    "ub_time": 733,
    "dnode": "N9",
    "anode": "N13",
    "use": 1,
    "node": [
      "N9",
      "N27",
      "N13"
    ],
    "truck": [
      "T15",
      "T15"
    ],
    "nb_route": [
      [
        1,
        2
      ],
      [
        2,
        3
      ]
    ],
    "arrival_time": [
      9,
      365,
      436
    ],
    "departure_time": [
      9,
      398,
      454
    ]
  },
  "C70": {
    "size": 1854,
    "lb_time": 10,
    "ub_time": 733,
    "dnode": "N9",
    "anode": "N10",
    "use": 1,
    "node": [
      "N9",
      "N12",
      "N10"
    ],
    "truck": [
      "T16",
      "T16"
    ],
    "nb_route": [
      [
        1,
        2
      ],
      [
        2,
        3
      ]
    ],
    "arrival_time": [
      39,
      413,
      466
    ],
    "departure_time": [
      39,
      432,
      515
    ]
  },
  "C71": {
    "size": 837,
    "lb_time": 10,
    "ub_time": 733,
    "dnode": "N8",
    "anode": "N5",
    "use": 1,
    "node": [
      "N8",
      "N5"
    ],
    "truck": [
      "T9"
    ],
    "nb_route": [
      [
        1,
        2
      ]
    ],
    "arrival_time": [
      25,
      159
    ],
    "departure_time": [
      25,
      179
    ]
  },
  "C72": {
    "size": 20,
    "lb_time": 531,
    "ub_time": 733,
    "dnode": "N22",
    "anode": "N17",
    "use": 1,
    "node": [
      "N22",
      "N17"
    ],
    "truck": [
      "T1"
    ],
    "nb_route": [
      [
        3,
        4
      ]
    ],
    "arrival_time": [
      534,
      648
    ],
    "departure_time": [
      604,
      692
    ]
  },
  "C73": {
    "size": 1008,
    "lb_time": 10,
    "ub_time": 733,
    "dnode": "N8",
    "anode": "N4",
    "use": 1,
    "node": [
      "N8",
      "N5",
      "N4"
    ],
    "truck": [
      "T9",
      "T9"
    ],
    "nb_route": [
      [
        1,
        2
      ],
      [
        2,
        3
      ]
    ],
    "arrival_time": [
      25,
      159,
      347
    ],
    "departure_time": [
      25,
      179,
      373
    ]
  },
  "C74": {
    "size": 239,
    "lb_time": 28,
    "ub_time": 733,
    "dnode": "N3",
    "anode": "N10",
    "use": 1,
    "node": [
      "N3",
      "N10"
    ],
    "truck": [
      "T5"
    ],
    "nb_route": [
      [
        1,
        2
      ]
    ],
    "arrival_time": [
      28,
      426
    ],
    "departure_time": [
      28,
      466
    ]
  },
  "C75": {
    "size": 10,
    "lb_time": 28,
    "ub_time": 840,
    "dnode": "N3",
    "anode": "N14",
    "use": 1,
    "node": [
      "N3",
      "N10",
      "N14"
    ],
    "truck": [
      "T5",
      "T5"
    ],
    "nb_route": [
      [
        1,
        2
      ],
      [
        2,
        3
      ]
    ],
    "arrival_time": [
      28,
      426,
      555
    ],
    "departure_time": [
      28,
      466,
      601
    ]
  },
  "C76": {
    "size": 1770,
    "lb_time": 28,
    "ub_time": 733,
    "dnode": "N3",
    "anode": "N14",
    "use": 1,
    "node": [
      "N3",
      "N10",
      "N14"
    ],
    "truck": [
      "T5",
      "T5"
    ],
    "nb_route": [
      [
        1,
        2
      ],
      [
        2,
        3
      ]
    ],
    "arrival_time": [
      28,
      426,
      555
    ],
    "departure_time": [
      28,
      466,
      601
    ]
  },
  "C77": {
    "size": 980,
    "lb_time": 28,
    "ub_time": 707,
    "dnode": "N3",
    "anode": "N14",
    "use": 1,
    "node": [
      "N3",
      "N10",
      "N14"
    ],
    "truck": [
      "T5",
      "T5"
    ],
    "nb_route": [
      [
        1,
        2
      ],
      [
        2,
        3
      ]
    ],
    "arrival_time": [
      28,
      426,
      555
    ],
    "departure_time": [
      28,
      466,
      601
    ]
  },
  "C78": {
    "size": 300,
    "lb_time": 450,
    "ub_time": 733,
    "dnode": "N21",
    "anode": "N18",
    "use": 1,
    "node": [
      "N21",
      "N18"
    ],
    "truck": [
      "T7"
    ],
    "nb_route": [
      [
        2,
        3
      ]
    ],
    "arrival_time": [
      463,
      538
    ],
    "departure_time": [
      509,
      592
    ]
  },
  "C79": {
    "size": 2130,
    "lb_time": 450,
    "ub_time": 733,
    "dnode": "N10",
    "anode": "N11",
    "use": 1,
    "node": [
      "N10",
      "N11"
    ],
    "truck": [
      "T11"
    ],
    "nb_route": [
      [
        2,
        3
      ]
    ],
    "arrival_time": [
      450,
      664
    ],
    "departure_time": [
      577,
      765
    ]
  },
  "C80": {
    "size": 75,
    "lb_time": 522,
    "ub_time": 733,
    "dnode": "N22",
    "anode": "N1",
    "use": 1,
    "node": [
      "N22",
      "N1"
    ],
    "truck": [
      "T8"
    ],
    "nb_route": [
      [
        3,
        4
      ]
    ],
    "arrival_time": [
      520,
      615
    ],
    "departure_time": [
      574,
      685
    ]
  },
  "C81": {
    "size": 255,
    "lb_time": 522,
    "ub_time": 733,
    "dnode": "N22",
    "anode": "N1",
    "use": 1,
    "node": [
      "N22",
      "N1"
    ],
    "truck": [
      "T8"
    ],
    "nb_route": [
      [
        3,
        4
      ]
    ],
    "arrival_time": [
      520,
      615
    ],
    "departure_time": [
      574,
      685
    ]
  },
  "C82": {
    "size": 299,
    "lb_time": 5,
    "ub_time": 760,
    "dnode": "N8",
    "anode": "N10",
    "use": 1,
    "node": [
      "N8",
      "N10"
    ],
    "truck": [
      "T11"
    ],
    "nb_route": [
      [
        1,
        2
      ]
    ],
    "arrival_time": [
      67,
      450
    ],
    "departure_time": [
      67,
      577
    ]
  },
  "C83": {
    "size": 2717,
    "lb_time": 10,
    "ub_time": 733,
    "dnode": "N9",
    "anode": "N20",
    "use": 1,
    "node": [
      "N9",
      "N12",
      "N10",
      "N20"
    ],
    "truck": [
      "T16",
      "T16",
      "T16"
    ],
    "nb_route": [
      [
        1,
        2
      ],
      [
        2,
        3
      ],
      [
        3,
        4
      ]
    ],
    "arrival_time": [
      39,
      413,
      466,
      537
    ],
    "departure_time": [
      39,
      432,
      515,
      591
    ]
  },
  "C84": {
    "size": 455,
    "lb_time": 28,
    "ub_time": 758,
    "dnode": "N3",
    "anode": "N10",
    "use": 1,
    "node": [
      "N3",
      "N10"
    ],
    "truck": [
      "T5"
    ],
    "nb_route": [
      [
        1,
        2
      ]
    ],
    "arrival_time": [
      28,
      426
    ],
    "departure_time": [
      28,
      466
    ]
  },
  "C85": {
    "size": 1571,
    "lb_time": 17,
    "ub_time": 733,
    "dnode": "N8",
    "anode": "N17",
    "use": 1,
    "node": [
      "N8",
      "N17"
    ],
    "truck": [
      "T10"
    ],
    "nb_route": [
      [
        1,
        2
      ]
    ],
    "arrival_time": [
      17,
      361
    ],
    "departure_time": [
      17,
      384
    ]
  },
  "C86": {
    "size": 767,
    "lb_time": 0,
    "ub_time": 733,
    "dnode": "N8",
    "anode": "N16",
    "use": 1,
    "node": [
      "N8",
      "N26",
      "N23",
      "N16"
    ],
    "truck": [
      "T6",
      "T6",
      "T6"
    ],
    "nb_route": [
      [
        1,
        2
      ],
      [
        2,
        3
      ],
      [
        3,
        4
      ]
    ],
    "arrival_time": [
      0,
      357,
      416,
      482
    ],
    "departure_time": [
      0,
      380,
      443,
      500
    ]
  },
  "C87": {
    "size": 235,
    "lb_time": 0,
    "ub_time": 672,
    "dnode": "N8",
    "anode": "N23",
    "use": 1,
    "node": [
      "N8",
      "N26",
      "N23"
    ],
    "truck": [
      "T6",
      "T6"
    ],
    "nb_route": [
      [
        1,
        2
      ],
      [
        2,
        3
      ]
    ],
    "arrival_time": [
      0,
      357,
      416
    ],
    "departure_time": [
      0,
      380,
      443
    ]
  },
  "C88": {
    "size": 1391,
    "lb_time": 19,
    "ub_time": 733,
    "dnode": "N9",
    "anode": "N26",
    "use": 1,
    "node": [
      "N9",
      "N2",
      "N22",
      "N26"
    ],
    "truck": [
      "T12",
      "T12",
      "T12"
    ],
    "nb_route": [
      [
        1,
        2
      ],
      [
        2,
        3
      ],
      [
        3,
        4
      ]
    ],
    "arrival_time": [
      19,
      335,
      412,
      505
    ],
    "departure_time": [
      19,
      352,
      447,
      526
    ]
  },
  "C89": {
    "size": 1,
    "lb_time": 577,
    "ub_time": 2173,
    "dnode": "N10",
    "anode": "N11",
    "use": 1,
    "node": [
      "N10",
      "N11"
    ],
    "truck": [
      "T11"
    ],
    "nb_route": [
      [
        2,
        3
      ]
    ],
    "arrival_time": [
      450,
      664
    ],
    "departure_time": [
      577,
      765
    ]
  },
  "C90": {
    "size": 2431,
    "lb_time": 17,
    "ub_time": 733,
    "dnode": "N9",
    "anode": "N23",
    "use": 1,
    "node": [
      "N9",
      "N23"
    ],
    "truck": [
      "T14"
    ],
    "nb_route": [
      [
        1,
        2
      ]
    ],
    "arrival_time": [
      17,
      398
    ],
    "departure_time": [
      17,
      425
    ]
  },
  "C91": {
    "size": 316,
    "lb_time": 19,
    "ub_time": 733,
    "dnode": "N9",
    "anode": "N17",
    "use": 1,
    "node": [
      "N9",
      "N2",
      "N22",
      "N17"
    ],
    "truck": [
      "T12",
      "T12",
      "T1"
    ],
    "nb_route": [
      [
        1,
        2
      ],
      [
        2,
        3
      ],
      [
        3,
        4
      ]
    ],
    "arrival_time": [
      19,
      335,
      412,
      648
    ],
    "departure_time": [
      19,
      352,
      604,
      692
    ]
  },
  "C92": {
    "size": 70,
    "lb_time": 531,
    "ub_time": 733,
    "dnode": "N22",
    "anode": "N17",
    "use": 1,
    "node": [
      "N22",
      "N17"
    ],
    "truck": [
      "T1"
    ],
    "nb_route": [
      [
        3,
        4
      ]
    ],
    "arrival_time": [
      534,
      648
    ],
    "departure_time": [
      604,
      692
    ]
  },
  "C93": {
    "size": 4259,
    "lb_time": 16,
    "ub_time": 733,
    "dnode": "N9",
    "anode": "N25",
    "use": 1,
    "node": [
      "N9",
      "N25"
    ],
    "truck": [
      "T17"
    ],
    "nb_route": [
      [
        1,
        2
      ]
    ],
    "arrival_time": [
      16,
      392
    ],
    "departure_time": [
      16,
      450
    ]
  },
  "C94": {
    "size": 2480,
    "lb_time": 17,
    "ub_time": 733,
    "dnode": "N9",
    "anode": "N21",
    "use": 1,
    "node": [
      "N9",
      "N23",
      "N18",
      "N21"
    ],
    "truck": [
      "T14",
      "T14",
      "T14"
    ],
    "nb_route": [
      [
        1,
        2
      ],
      [
        2,
        3
      ],
      [
        3,
        4
      ]
    ],
    "arrival_time": [
      17,
      398,
      464,
      510
    ],
    "departure_time": [
      17,
      425,
      482,
      538
    ]
  },
  "C95": {
    "size": 314,
    "lb_time": 10,
    "ub_time": 733,
    "dnode": "N9",
    "anode": "N11",
    "use": 1,
    "node": [
      "N9",
      "N10",
      "N11"
    ],
    "truck": [
      "T13",
      "T11"
    ],
    "nb_route": [
      [
        1,
        2
      ],
      [
        2,
        3
      ]
    ],
    "arrival_time": [
      37,
      427,
      664
    ],
    "departure_time": [
      37,
      577,
      765
    ]
  },
  "C96": {
    "size": 676,
    "lb_time": 16,
    "ub_time": 610,
    "dnode": "N9",
    "anode": "N25",
    "use": 1,
    "node": [
      "N9",
      "N25"
    ],
    "truck": [
      "T17"
    ],
    "nb_route": [
      [
        1,
        2
      ]
    ],
    "arrival_time": [
      16,
      392
    ],
    "departure_time": [
      16,
      450
    ]
  },
  "C97": {
    "size": 271,
    "lb_time": 319,
    "ub_time": 733,
    "dnode": "N22",
    "anode": "N17",
    "use": 1,
    "node": [
      "N22",
      "N17"
    ],
    "truck": [
      "T1"
    ],
    "nb_route": [
      [
        3,
        4
      ]
    ],
    "arrival_time": [
      534,
      648
    ],
    "departure_time": [
      604,
      692
    ]
  },
  "C98": {
    "size": 2358,
    "lb_time": 30,
    "ub_time": 733,
    "dnode": "N8",
    "anode": "N7",
    "use": 1,
    "node": [
      "N8",
      "N7"
    ],
    "truck": [
      "T8"
    ],
    "nb_route": [
      [
        1,
        2
      ]
    ],
    "arrival_time": [
      143,
      315
    ],
    "departure_time": [
      143,
      342
    ]
  },
  "C99": {
    "size": 1050,
    "lb_time": 10,
    "ub_time": 473,
    "dnode": "N9",
    "anode": "N10",
    "use": 1,
    "node": [
      "N9",
      "N10"
    ],
    "truck": [
      "T13"
    ],
    "nb_route": [
      [
        1,
        2
      ]
    ],
    "arrival_time": [
      37,
      427
    ],
    "departure_time": [
      37,
      478
    ]
  },
  "C100": {
    "size": 610,
    "lb_time": 437,
    "ub_time": 733,
    "dnode": "N10",
    "anode": "N11",
    "use": 1,
    "node": [
      "N10",
      "N11"
    ],
    "truck": [
      "T11"
    ],
    "nb_route": [
      [
        2,
        3
      ]
    ],
    "arrival_time": [
      450,
      664
    ],
    "departure_time": [
      577,
      765
    ]
  },
  "C101": {
    "size": 399,
    "lb_time": 10,
    "ub_time": 504,
    "dnode": "N8",
    "anode": "N4",
    "use": 1,
    "node": [
      "N8",
      "N5",
      "N4"
    ],
    "truck": [
      "T9",
      "T9"
    ],
    "nb_route": [
      [
        1,
        2
      ],
      [
        2,
        3
      ]
    ],
    "arrival_time": [
      25,
      159,
      347
    ],
    "departure_time": [
      25,
      179,
      373
    ]
  },
  "C102": {
    "size": 415,
    "lb_time": 7,
    "ub_time": 520,
    "dnode": "N8",
    "anode": "N25",
    "use": 1,
    "node": [
      "N8",
      "N25"
    ],
    "truck": [
      "T18"
    ],
    "nb_route": [
      [
        1,
        2
      ]
    ],
    "arrival_time": [
      7,
      377
    ],
    "departure_time": [
      7,
      417
    ]
  },
  "C103": {
    "size": 504,
    "lb_time": 34,
    "ub_time": 560,
    "dnode": "N3",
    "anode": "N2",
    "use": 1,
    "node": [
      "N3",
      "N2"
    ],
    "truck": [
      "T1"
    ],
    "nb_route": [
      [
        1,
        2
      ]
    ],
    "arrival_time": [
      125,
      450
    ],
    "departure_time": [
      125,
      474
    ]
  },
  "C104": {
    "size": 167,
    "lb_time": 40,
    "ub_time": 642,
    "dnode": "N3",
    "anode": "N21",
    "use": 1,
    "node": [
      "N3",
      "N21"
    ],
    "truck": [
      "T3"
    ],
    "nb_route": [
      [
        1,
        2
      ]
    ],
    "arrival_time": [
      40,
      442
    ],
    "departure_time": [
      40,
      488
    ]
  },
  "C105": {
    "size": 240,
    "lb_time": 179,
    "ub_time": 456,
    "dnode": "N5",
    "anode": "N4",
    "use": 1,
    "node": [
      "N5",
      "N4"
    ],
    "truck": [
      "T9"
    ],
    "nb_route": [
      [
        2,
        3
      ]
    ],
    "arrival_time": [
      159,
      347
    ],
    "departure_time": [
      179,
      373
    ]
  },
  "C106": {
    "size": 48,
    "lb_time": 10,
    "ub_time": 758,
    "dnode": "N9",
    "anode": "N10",
    "use": 1,
    "node": [
      "N9",
      "N10"
    ],
    "truck": [
      "T13"
    ],
    "nb_route": [
      [
        1,
        2
      ]
    ],
    "arrival_time": [
      37,
      427
    ],
    "departure_time": [
      37,
      478
    ]
  },
  "C107": {
    "size": 255,
    "lb_time": 2,
    "ub_time": 514,
    "dnode": "N8",
    "anode": "N21",
    "use": 1,
    "node": [
      "N8",
      "N21"
    ],
    "truck": [
      "T7"
    ],
    "nb_route": [
      [
        1,
        2
      ]
    ],
    "arrival_time": [
      77,
      463
    ],
    "departure_time": [
      77,
      509
    ]
  },
  "C108": {
    "size": 35,
    "lb_time": 17,
    "ub_time": 704,
    "dnode": "N8",
    "anode": "N27",
    "use": 1,
    "node": [
      "N8",
      "N17",
      "N27"
    ],
    "truck": [
      "T10",
      "T10"
    ],
    "nb_route": [
      [
        1,
        2
      ],
      [
        2,
        3
      ]
    ],
    "arrival_time": [
      17,
      361,
      410
    ],
    "departure_time": [
      17,
      384,
      437
    ]
  },
  "C109": {
    "size": 274,
    "lb_time": 19,
    "ub_time": 733,
    "dnode": "N9",
    "anode": "N2",
    "use": 1,
    "node": [
      "N9",
      "N2"
    ],
    "truck": [
      "T12"
    ],
    "nb_route": [
      [
        1,
        2
      ]
    ],
    "arrival_time": [
      19,
      335
    ],
    "departure_time": [
      19,
      352
    ]
  },
  "C110": {
    "size": 1174,
    "lb_time": 19,
    "ub_time": 733,
    "dnode": "N9",
    "anode": "N22",
    "use": 1,
    "node": [
      "N9",
      "N2",
      "N22"
    ],
    "truck": [
      "T12",
      "T12"
    ],
    "nb_route": [
      [
        1,
        2
      ],
      [
        2,
        3
      ]
    ],
    "arrival_time": [
      19,
      335,
      412
    ],
    "departure_time": [
      19,
      352,
      447
    ]
  },
  "C111": {
    "size": 807,
    "lb_time": 17,
    "ub_time": 733,
    "dnode": "N9",
    "anode": "N18",
    "use": 1,
    "node": [
      "N9",
      "N23",
      "N18"
    ],
    "truck": [
      "T14",
      "T14"
    ],
    "nb_route": [
      [
        1,
        2
      ],
      [
        2,
        3
      ]
    ],
    "arrival_time": [
      17,
      398,
      464
    ],
    "departure_time": [
      17,
      425,
      482
    ]
  },
  "C112": {
    "size": 21,
    "lb_time": 10,
    "ub_time": 556,
    "dnode": "N9",
    "anode": "N10",
    "use": 1,
    "node": [
      "N9",
      "N10"
    ],
    "truck": [
      "T13"
    ],
    "nb_route": [
      [
        1,
        2
      ]
    ],
    "arrival_time": [
      37,
      427
    ],
    "departure_time": [
      37,
      478
    ]
  },
  "C113": {
    "size": 10,
    "lb_time": 9,
    "ub_time": 704,
    "dnode": "N9",
    "anode": "N27",
    "use": 1,
    "node": [
      "N9",
      "N27"
    ],
    "truck": [
      "T15"
    ],
    "nb_route": [
      [
        1,
        2
      ]
    ],
    "arrival_time": [
      9,
      365
    ],
    "departure_time": [
      9,
      398
    ]
  },
  "C114": {
    "size": 630,
    "lb_time": 407,
    "ub_time": 733,
    "dnode": "N10",
    "anode": "N24",
    "use": 1,
    "node": [
      "N10",
      "N24"
    ],
    "truck": [
      "T13"
    ],
    "nb_route": [
      [
        2,
        3
      ]
    ],
    "arrival_time": [
      427,
      542
    ],
    "departure_time": [
      478,
      583
    ]
  },
  "C115": {
    "size": 266,
    "lb_time": 531,
    "ub_time": 733,
    "dnode": "N22",
    "anode": "N17",
    "use": 1,
    "node": [
      "N22",
      "N17"
    ],
    "truck": [
      "T1"
    ],
    "nb_route": [
      [
        3,
        4
      ]
    ],
    "arrival_time": [
      534,
      648
    ],
    "departure_time": [
      604,
      692
    ]
  },
  "C116": {
    "size": 932,
    "lb_time": 19,
    "ub_time": 733,
    "dnode": "N9",
    "anode": "N1",
    "use": 1,
    "node": [
      "N9",
      "N2",
      "N22",
      "N1"
    ],
    "truck": [
      "T12",
      "T12",
      "T8"
    ],
    "nb_route": [
      [
        1,
        2
      ],
      [
        2,
        3
      ],
      [
        3,
        4
      ]
    ],
    "arrival_time": [
      19,
      335,
      412,
      615
    ],
    "departure_time": [
      19,
      352,
      574,
      685
    ]
  },
  "C117": {
    "size": 619,
    "lb_time": 16,
    "ub_time": 520,
    "dnode": "N9",
    "anode": "N25",
    "use": 1,
    "node": [
      "N9",
      "N25"
    ],
    "truck": [
      "T17"
    ],
    "nb_route": [
      [
        1,
        2
      ]
    ],
    "arrival_time": [
      16,
      392
    ],
    "departure_time": [
      16,
      450
    ]
  },
  "C118": {
    "size": 1200,
    "lb_time": 445,
    "ub_time": 733,
    "dnode": "N10",
    "anode": "N24",
    "use": 1,
    "node": [
      "N10",
      "N24"
    ],
    "truck": [
      "T13"
    ],
    "nb_route": [
      [
        2,
        3
      ]
    ],
    "arrival_time": [
      427,
      542
    ],
    "departure_time": [
      478,
      583
    ]
  },
  "C119": {
    "size": 200,
    "lb_time": 10,
    "ub_time": 578,
    "dnode": "N9",
    "anode": "N10",
    "use": 1,
    "node": [
      "N9",
      "N10"
    ],
    "truck": [
      "T13"
    ],
    "nb_route": [
      [
        1,
        2
      ]
    ],
    "arrival_time": [
      37,
      427
    ],
    "departure_time": [
      37,
      478
    ]
  },
  "C120": {
    "size": 570,
    "lb_time": 353,
    "ub_time": 733,
    "dnode": "N10",
    "anode": "N20",
    "use": 1,
    "node": [
      "N10",
      "N20"
    ],
    "truck": [
      "T16"
    ],
    "nb_route": [
      [
        3,
        4
      ]
    ],
    "arrival_time": [
      466,
      537
    ],
    "departure_time": [
      515,
      591
    ]
  },
  "C121": {
    "size": 219,
    "lb_time": 341,
    "ub_time": 733,
    "dnode": "N22",
    "anode": "N17",
    "use": 1,
    "node": [
      "N22",
      "N17"
    ],
    "truck": [
      "T1"
    ],
    "nb_route": [
      [
        3,
        4
      ]
    ],
    "arrival_time": [
      534,
      648
    ],
    "departure_time": [
      604,
      692
    ]
  },
  "C122": {
    "size": 780,
    "lb_time": 337,
    "ub_time": 733,
    "dnode": "N10",
    "anode": "N20",
    "use": 1,
    "node": [
      "N10",
      "N20"
    ],
    "truck": [
      "T16"
    ],
    "nb_route": [
      [
        3,
        4
      ]
    ],
    "arrival_time": [
      466,
      537
    ],
    "departure_time": [
      515,
      591
    ]
  },
  "C123": {
    "size": 58,
    "lb_time": 448,
    "ub_time": 733,
    "dnode": "N10",
    "anode": "N20",
    "use": 1,
    "node": [
      "N10",
      "N20"
    ],
    "truck": [
      "T16"
    ],
    "nb_route": [
      [
        3,
        4
      ]
    ],
    "arrival_time": [
      466,
      537
    ],
    "departure_time": [
      515,
      591
    ]
  },
  "C124": {
    "size": 45,
    "lb_time": 57,
    "ub_time": 733,
    "dnode": "N3",
    "anode": "N13",
    "use": 1,
    "node": [
      "N3",
      "N25",
      "N13"
    ],
    "truck": [
      "T2",
      "T2"
    ],
    "nb_route": [
      [
        1,
        2
      ],
      [
        2,
        3
      ]
    ],
    "arrival_time": [
      57,
      442,
      531
    ],
    "departure_time": [
      57,
      498,
      545
    ]
  },
  "C125": {
    "size": 1713,
    "lb_time": 456,
    "ub_time": 733,
    "dnode": "N10",
    "anode": "N11",
    "use": 1,
    "node": [
      "N10",
      "N11"
    ],
    "truck": [
      "T11"
    ],
    "nb_route": [
      [
        2,
        3
      ]
    ],
    "arrival_time": [
      450,
      664
    ],
    "departure_time": [
      577,
      765
    ]
  },
  "C126": {
    "size": 515,
    "lb_time": 509,
    "ub_time": 2173,
    "dnode": "N21",
    "anode": "N18",
    "use": 1,
    "node": [
      "N21",
      "N18"
    ],
    "truck": [
      "T7"
    ],
    "nb_route": [
      [
        2,
        3
      ]
    ],
    "arrival_time": [
      463,
      538
    ],
    "departure_time": [
      509,
      592
    ]
  },
  "C127": {
    "size": 408,
    "lb_time": 5,
    "ub_time": 635,
    "dnode": "N8",
    "anode": "N10",
    "use": 1,
    "node": [
      "N8",
      "N10"
    ],
    "truck": [
      "T11"
    ],
    "nb_route": [
      [
        1,
        2
      ]
    ],
    "arrival_time": [
      67,
      450
    ],
    "departure_time": [
      67,
      577
    ]
  },
  "C128": {
    "size": 426,
    "lb_time": 407,
    "ub_time": 869,
    "dnode": "N10",
    "anode": "N11",
    "use": 1,
    "node": [
      "N10",
      "N11"
    ],
    "truck": [
      "T11"
    ],
    "nb_route": [
      [
        2,
        3
      ]
    ],
    "arrival_time": [
      450,
      664
    ],
    "departure_time": [
      577,
      765
    ]
  },
  "C129": {
    "size": 440,
    "lb_time": 522,
    "ub_time": 733,
    "dnode": "N22",
    "anode": "N1",
    "use": 1,
    "node": [
      "N22",
      "N1"
    ],
    "truck": [
      "T8"
    ],
    "nb_route": [
      [
        3,
        4
      ]
    ],
    "arrival_time": [
      520,
      615
    ],
    "departure_time": [
      574,
      685
    ]
  },
  "C130": {
    "size": 561,
    "lb_time": 5,
    "ub_time": 733,
    "dnode": "N8",
    "anode": "N11",
    "use": 1,
    "node": [
      "N8",
      "N10",
      "N11"
    ],
    "truck": [
      "T11",
      "T11"
    ],
    "nb_route": [
      [
        1,
        2
      ],
      [
        2,
        3
      ]
    ],
    "arrival_time": [
      67,
      450,
      664
    ],
    "departure_time": [
      67,
      577,
      765
    ]
  },
  "C131": {
    "size": 460,
    "lb_time": 5,
    "ub_time": 630,
    "dnode": "N8",
    "anode": "N10",
    "use": 1,
    "node": [
      "N8",
      "N10"
    ],
    "truck": [
      "T11"
    ],
    "nb_route": [
      [
        1,
        2
      ]
    ],
    "arrival_time": [
      67,
      450
    ],
    "departure_time": [
      67,
      577
    ]
  },
  "C132": {
    "size": 421,
    "lb_time": 34,
    "ub_time": 610,
    "dnode": "N3",
    "anode": "N22",
    "use": 1,
    "node": [
      "N3",
      "N2",
      "N22"
    ],
    "truck": [
      "T1",
      "T1"
    ],
    "nb_route": [
      [
        1,
        2
      ],
      [
        2,
        3
      ]
    ],
    "arrival_time": [
      125,
      450,
      534
    ],
    "departure_time": [
      125,
      474,
      604
    ]
  },
  "C133": {
    "size": 2,
    "lb_time": 57,
    "ub_time": 554,
    "dnode": "N3",
    "anode": "N25",
    "use": 1,
    "node": [
      "N3",
      "N25"
    ],
    "truck": [
      "T2"
    ],
    "nb_route": [
      [
        1,
        2
      ]
    ],
    "arrival_time": [
      57,
      442
    ],
    "departure_time": [
      57,
      498
    ]
  },
  "C134": {
    "size": 55,
    "lb_time": 448,
    "ub_time": 733,
    "dnode": "N10",
    "anode": "N11",
    "use": 1,
    "node": [
      "N10",
      "N11"
    ],
    "truck": [
      "T11"
    ],
    "nb_route": [
      [
        2,
        3
      ]
    ],
    "arrival_time": [
      450,
      664
    ],
    "departure_time": [
      577,
      765
    ]
  },
  "C135": {
    "size": 183,
    "lb_time": 5,
    "ub_time": 869,
    "dnode": "N8",
    "anode": "N11",
    "use": 1,
    "node": [
      "N8",
      "N10",
      "N11"
    ],
    "truck": [
      "T11",
      "T11"
    ],
    "nb_route": [
      [
        1,
        2
      ],
      [
        2,
        3
      ]
    ],
    "arrival_time": [
      67,
      450,
      664
    ],
    "departure_time": [
      67,
      577,
      765
    ]
  },
  "C136": {
    "size": 159,
    "lb_time": 10,
    "ub_time": 568,
    "dnode": "N8",
    "anode": "N2",
    "use": 1,
    "node": [
      "N8",
      "N5",
      "N4",
      "N2"
    ],
    "truck": [
      "T9",
      "T9",
      "T9"
    ],
    "nb_route": [
      [
        1,
        2
      ],
      [
        2,
        3
      ],
      [
        3,
        4
      ]
    ],
    "arrival_time": [
      25,
      159,
      347,
      435
    ],
    "departure_time": [
      25,
      179,
      373,
      451
    ]
  },
  "C137": {
    "size": 1055,
    "lb_time": 28,
    "ub_time": 733,
    "dnode": "N3",
    "anode": "N11",
    "use": 1,
    "node": [
      "N3",
      "N10",
      "N11"
    ],
    "truck": [
      "T5",
      "T11"
    ],
    "nb_route": [
      [
        1,
        2
      ],
      [
        2,
        3
      ]
    ],
    "arrival_time": [
      28,
      426,
      664
    ],
    "departure_time": [
      28,
      577,
      765
    ]
  },
  "C138": {
    "size": 35,
    "lb_time": 16,
    "ub_time": 534,
    "dnode": "N9",
    "anode": "N25",
    "use": 1,
    "node": [
      "N9",
      "N25"
    ],
    "truck": [
      "T17"
    ],
    "nb_route": [
      [
        1,
        2
      ]
    ],
    "arrival_time": [
      16,
      392
    ],
    "departure_time": [
      16,
      450
    ]
  },
  "C139": {
    "size": 5,
    "lb_time": 7,
    "ub_time": 534,
    "dnode": "N8",
    "anode": "N25",
    "use": 1,
    "node": [
      "N8",
      "N25"
    ],
    "truck": [
      "T18"
    ],
    "nb_route": [
      [
        1,
        2
      ]
    ],
    "arrival_time": [
      7,
      377
    ],
    "departure_time": [
      7,
      417
    ]
  },
  "C140": {
    "size": 20,
    "lb_time": 16,
    "ub_time": 679,
    "dnode": "N9",
    "anode": "N16",
    "use": 1,
    "node": [
      "N9",
      "N25",
      "N16"
    ],
    "truck": [
      "T17",
      "T17"
    ],
    "nb_route": [
      [
        1,
        2
      ],
      [
        2,
        3
      ]
    ],
    "arrival_time": [
      16,
      392,
      472
    ],
    "departure_time": [
      16,
      450,
      496
    ]
  },
  "C141": {
    "size": 156,
    "lb_time": 40,
    "ub_time": 664,
    "dnode": "N3",
    "anode": "N21",
    "use": 1,
    "node": [
      "N3",
      "N21"
    ],
    "truck": [
      "T3"
    ],
    "nb_route": [
      [
        1,
        2
      ]
    ],
    "arrival_time": [
      40,
      442
    ],
    "departure_time": [
      40,
      488
    ]
  },
  "C142": {
    "size": 30,
    "lb_time": 522,
    "ub_time": 733,
    "dnode": "N22",
    "anode": "N1",
    "use": 1,
    "node": [
      "N22",
      "N1"
    ],
    "truck": [
      "T8"
    ],
    "nb_route": [
      [
        3,
        4
      ]
    ],
    "arrival_time": [
      520,
      615
    ],
    "departure_time": [
      574,
      685
    ]
  },
  "C143": {
    "size": 130,
    "lb_time": 531,
    "ub_time": 733,
    "dnode": "N22",
    "anode": "N1",
    "use": 1,
    "node": [
      "N22",
      "N1"
    ],
    "truck": [
      "T8"
    ],
    "nb_route": [
      [
        3,
        4
      ]
    ],
    "arrival_time": [
      520,
      615
    ],
    "departure_time": [
      574,
      685
    ]
  },
  "C144": {
    "size": 85,
    "lb_time": 504,
    "ub_time": 733,
    "dnode": "N22",
    "anode": "N1",
    "use": 1,
    "node": [
      "N22",
      "N1"
    ],
    "truck": [
      "T8"
    ],
    "nb_route": [
      [
        3,
        4
      ]
    ],
    "arrival_time": [
      520,
      615
    ],
    "departure_time": [
      574,
      685
    ]
  },
  "C145": {
    "size": 10,
    "lb_time": 574,
    "ub_time": 2173,
    "dnode": "N22",
    "anode": "N1",
    "use": 1,
    "node": [
      "N22",
      "N1"
    ],
    "truck": [
      "T8"
    ],
    "nb_route": [
      [
        3,
        4
      ]
    ],
    "arrival_time": [
      520,
      615
    ],
    "departure_time": [
      574,
      685
    ]
  },
  "C146": {
    "size": 600,
    "lb_time": 435,
    "ub_time": 869,
    "dnode": "N10",
    "anode": "N11",
    "use": 1,
    "node": [
      "N10",
      "N11"
    ],
    "truck": [
      "T11"
    ],
    "nb_route": [
      [
        2,
        3
      ]
    ],
    "arrival_time": [
      450,
      664
    ],
    "departure_time": [
      577,
      765
    ]
  },
  "C147": {
    "size": 25,
    "lb_time": 10,
    "ub_time": 630,
    "dnode": "N9",
    "anode": "N10",
    "use": 1,
    "node": [
      "N9",
      "N10"
    ],
    "truck": [
      "T13"
    ],
    "nb_route": [
      [
        1,
        2
      ]
    ],
    "arrival_time": [
      37,
      427
    ],
    "departure_time": [
      37,
      478
    ]
  },
  "C148": {
    "size": 87,
    "lb_time": 16,
    "ub_time": 629,
    "dnode": "N9",
    "anode": "N16",
    "use": 1,
    "node": [
      "N9",
      "N25",
      "N16"
    ],
    "truck": [
      "T17",
      "T17"
    ],
    "nb_route": [
      [
        1,
        2
      ],
      [
        2,
        3
      ]
    ],
    "arrival_time": [
      16,
      392,
      472
    ],
    "departure_time": [
      16,
      450,
      496
    ]
  },
  "C149": {
    "size": 1215,
    "lb_time": 5,
    "ub_time": 611,
    "dnode": "N8",
    "anode": "N10",
    "use": 1,
    "node": [
      "N8",
      "N10"
    ],
    "truck": [
      "T11"
    ],
    "nb_route": [
      [
        1,
        2
      ]
    ],
    "arrival_time": [
      67,
      450
    ],
    "departure_time": [
      67,
      577
    ]
  },
  "C150": {
    "size": 173,
    "lb_time": 5,
    "ub_time": 572,
    "dnode": "N8",
    "anode": "N10",
    "use": 1,
    "node": [
      "N8",
      "N10"
    ],
    "truck": [
      "T11"
    ],
    "nb_route": [
      [
        1,
        2
      ]
    ],
    "arrival_time": [
      67,
      450
    ],
    "departure_time": [
      67,
      577
    ]
  },
  "C151": {
    "size": 20,
    "lb_time": 531,
    "ub_time": 733,
    "dnode": "N22",
    "anode": "N17",
    "use": 1,
    "node": [
      "N22",
      "N17"
    ],
    "truck": [
      "T1"
    ],
    "nb_route": [
      [
        3,
        4
      ]
    ],
    "arrival_time": [
      534,
      648
    ],
    "departure_time": [
      604,
      692
    ]
  },
  "C152": {
    "size": 640,
    "lb_time": 445,
    "ub_time": 733,
    "dnode": "N21",
    "anode": "N18",
    "use": 1,
    "node": [
      "N21",
      "N18"
    ],
    "truck": [
      "T7"
    ],
    "nb_route": [
      [
        2,
        3
      ]
    ],
    "arrival_time": [
      463,
      538
    ],
    "departure_time": [
      509,
      592
    ]
  },
  "C153": {
    "size": 22,
    "lb_time": 7,
    "ub_time": 574,
    "dnode": "N8",
    "anode": "N25",
    "use": 1,
    "node": [
      "N8",
      "N25"
    ],
    "truck": [
      "T18"
    ],
    "nb_route": [
      [
        1,
        2
      ]
    ],
    "arrival_time": [
      7,
      377
    ],
    "departure_time": [
      7,
      417
    ]
  },
  "C154": {
    "size": 5,
    "lb_time": 10,
    "ub_time": 456,
    "dnode": "N8",
    "anode": "N4",
    "use": 1,
    "node": [
      "N8",
      "N5",
      "N4"
    ],
    "truck": [
      "T9",
      "T9"
    ],
    "nb_route": [
      [
        1,
        2
      ],
      [
        2,
        3
      ]
    ],
    "arrival_time": [
      25,
      159,
      347
    ],
    "departure_time": [
      25,
      179,
      373
    ]
  },
  "C155": {
    "size": 600,
    "lb_time": 515,
    "ub_time": 733,
    "dnode": "N10",
    "anode": "N20",
    "use": 1,
    "node": [
      "N10",
      "N20"
    ],
    "truck": [
      "T16"
    ],
    "nb_route": [
      [
        3,
        4
      ]
    ],
    "arrival_time": [
      466,
      537
    ],
    "departure_time": [
      515,
      591
    ]
  },
  "C156": {
    "size": 303,
    "lb_time": 28,
    "ub_time": 733,
    "dnode": "N3",
    "anode": "N20",
    "use": 1,
    "node": [
      "N3",
      "N10",
      "N20"
    ],
    "truck": [
      "T5",
      "T16"
    ],
    "nb_route": [
      [
        1,
        2
      ],
      [
        3,
        4
      ]
    ],
    "arrival_time": [
      28,
      426,
      537
    ],
    "departure_time": [
      28,
      515,
      591
    ]
  },
  "C157": {
    "size": 243,
    "lb_time": 417,
    "ub_time": 733,
    "dnode": "N10",
    "anode": "N20",
    "use": 1,
    "node": [
      "N10",
      "N20"
    ],
    "truck": [
      "T16"
    ],
    "nb_route": [
      [
        3,
        4
      ]
    ],
    "arrival_time": [
      466,
      537
    ],
    "departure_time": [
      515,
      591
    ]
  },
  "C158": {
    "size": 58,
    "lb_time": 10,
    "ub_time": 733,
    "dnode": "N8",
    "anode": "N2",
    "use": 1,
    "node": [
      "N8",
      "N5",
      "N4",
      "N2"
    ],
    "truck": [
      "T9",
      "T9",
      "T9"
    ],
    "nb_route": [
      [
        1,
        2
      ],
      [
        2,
        3
      ],
      [
        3,
        4
      ]
    ],
    "arrival_time": [
      25,
      159,
      347,
      435
    ],
    "departure_time": [
      25,
      179,
      373,
      451
    ]
  },
  "C159": {
    "size": 906,
    "lb_time": 40,
    "ub_time": 665,
    "dnode": "N3",
    "anode": "N21",
    "use": 1,
    "node": [
      "N3",
      "N21"
    ],
    "truck": [
      "T3"
    ],
    "nb_route": [
      [
        1,
        2
      ]
    ],
    "arrival_time": [
      40,
      442
    ],
    "departure_time": [
      40,
      488
    ]
  },
  "C160": {
    "size": 40,
    "lb_time": 28,
    "ub_time": 689,
    "dnode": "N3",
    "anode": "N10",
    "use": 1,
    "node": [
      "N3",
      "N10"
    ],
    "truck": [
      "T5"
    ],
    "nb_route": [
      [
        1,
        2
      ]
    ],
    "arrival_time": [
      28,
      426
    ],
    "departure_time": [
      28,
      466
    ]
  },
  "C161": {
    "size": 5,
    "lb_time": 10,
    "ub_time": 520,
    "dnode": "N8",
    "anode": "N4",
    "use": 1,
    "node": [
      "N8",
      "N5",
      "N4"
    ],
    "truck": [
      "T9",
      "T9"
    ],
    "nb_route": [
      [
        1,
        2
      ],
      [
        2,
        3
      ]
    ],
    "arrival_time": [
      25,
      159,
      347
    ],
    "departure_time": [
      25,
      179,
      373
    ]
  },
  "C162": {
    "size": 1424,
    "lb_time": 443,
    "ub_time": 733,
    "dnode": "N10",
    "anode": "N11",
    "use": 1,
    "node": [
      "N10",
      "N11"
    ],
    "truck": [
      "T11"
    ],
    "nb_route": [
      [
        2,
        3
      ]
    ],
    "arrival_time": [
      450,
      664
    ],
    "departure_time": [
      577,
      765
    ]
  },
  "C163": {
    "size": 176,
    "lb_time": 28,
    "ub_time": 404,
    "dnode": "N3",
    "anode": "N6",
    "use": 1,
    "node": [
      "N3",
      "N6"
    ],
    "truck": [
      "T4"
    ],
    "nb_route": [
      [
        1,
        2
      ]
    ],
    "arrival_time": [
      28,
      246
    ],
    "departure_time": [
      28,
      274
    ]
  },
  "C164": {
    "size": 1000,
    "lb_time": 407,
    "ub_time": 733,
    "dnode": "N10",
    "anode": "N11",
    "use": 1,
    "node": [
      "N10",
      "N11"
    ],
    "truck": [
      "T11"
    ],
    "nb_route": [
      [
        2,
        3
      ]
    ],
    "arrival_time": [
      450,
      664
    ],
    "departure_time": [
      577,
      765
    ]
  },
  "C165": {
    "size": 270,
    "lb_time": 10,
    "ub_time": 577,
    "dnode": "N9",
    "anode": "N10",
    "use": 1,
    "node": [
      "N9",
      "N10"
    ],
    "truck": [
      "T13"
    ],
    "nb_route": [
      [
        1,
        2
      ]
    ],
    "arrival_time": [
      37,
      427
    ],
    "departure_time": [
      37,
      478
    ]
  },
  "C166": {
    "size": 390,
    "lb_time": 443,
    "ub_time": 733,
    "dnode": "N10",
    "anode": "N20",
    "use": 1,
    "node": [
      "N10",
      "N20"
    ],
    "truck": [
      "T16"
    ],
    "nb_route": [
      [
        3,
        4
      ]
    ],
    "arrival_time": [
      466,
      537
    ],
    "departure_time": [
      515,
      591
    ]
  },
  "C167": {
    "size": 195,
    "lb_time": 394,
    "ub_time": 733,
    "dnode": "N10",
    "anode": "N11",
    "use": 1,
    "node": [
      "N10",
      "N11"
    ],
    "truck": [
      "T11"
    ],
    "nb_route": [
      [
        2,
        3
      ]
    ],
    "arrival_time": [
      450,
      664
    ],
    "departure_time": [
      577,
      765
    ]
  },
  "C168": {
    "size": 286,
    "lb_time": 7,
    "ub_time": 520,
    "dnode": "N8",
    "anode": "N20",
    "use": 1,
    "node": [
      "N8",
      "N20"
    ],
    "truck": [
      "T19"
    ],
    "nb_route": [
      [
        1,
        2
      ]
    ],
    "arrival_time": [
      7,
      399
    ],
    "departure_time": [
      7,
      438
    ]
  },
  "C169": {
    "size": 560,
    "lb_time": 19,
    "ub_time": 624,
    "dnode": "N9",
    "anode": "N22",
    "use": 1,
    "node": [
      "N9",
      "N2",
      "N22"
    ],
    "truck": [
      "T12",
      "T12"
    ],
    "nb_route": [
      [
        1,
        2
      ],
      [
        2,
        3
      ]
    ],
    "arrival_time": [
      19,
      335,
      412
    ],
    "departure_time": [
      19,
      352,
      447
    ]
  },
  "C170": {
    "size": 520,
    "lb_time": 478,
    "ub_time": 2173,
    "dnode": "N10",
    "anode": "N24",
    "use": 1,
    "node": [
      "N10",
      "N24"
    ],
    "truck": [
      "T13"
    ],
    "nb_route": [
      [
        2,
        3
      ]
    ],
    "arrival_time": [
      427,
      542
    ],
    "departure_time": [
      478,
      583
    ]
  },
  "C171": {
    "size": 400,
    "lb_time": 540,
    "ub_time": 733,
    "dnode": "N22",
    "anode": "N1",
    "use": 1,
    "node": [
      "N22",
      "N1"
    ],
    "truck": [
      "T8"
    ],
    "nb_route": [
      [
        3,
        4
      ]
    ],
    "arrival_time": [
      520,
      615
    ],
    "departure_time": [
      574,
      685
    ]
  },
  "C172": {
    "size": 60,
    "lb_time": 57,
    "ub_time": 733,
    "dnode": "N3",
    "anode": "N19",
    "use": 1,
    "node": [
      "N3",
      "N25",
      "N13",
      "N19"
    ],
    "truck": [
      "T2",
      "T2",
      "T2"
    ],
    "nb_route": [
      [
        1,
        2
      ],
      [
        2,
        3
      ],
      [
        3,
        4
      ]
    ],
    "arrival_time": [
      57,
      442,
      531,
      545
    ],
    "departure_time": [
      57,
      498,
      545,
      559
    ]
  },
  "C173": {
    "size": 160,
    "lb_time": 0,
    "ub_time": 558,
    "dnode": "N8",
    "anode": "N23",
    "use": 1,
    "node": [
      "N8",
      "N26",
      "N23"
    ],
    "truck": [
      "T6",
      "T6"
    ],
    "nb_route": [
      [
        1,
        2
      ],
      [
        2,
        3
      ]
    ],
    "arrival_time": [
      0,
      357,
      416
    ],
    "departure_time": [
      0,
      380,
      443
    ]
  },
  "C174": {
    "size": 28,
    "lb_time": 604,
    "ub_time": 2173,
    "dnode": "N22",
    "anode": "N17",
    "use": 1,
    "node": [
      "N22",
      "N17"
    ],
    "truck": [
      "T1"
    ],
    "nb_route": [
      [
        3,
        4
      ]
    ],
    "arrival_time": [
      534,
      648
    ],
    "departure_time": [
      604,
      692
    ]
  },
  "C175": {
    "size": 100,
    "lb_time": 19,
    "ub_time": 560,
    "dnode": "N9",
    "anode": "N2",
    "use": 1,
    "node": [
      "N9",
      "N2"
    ],
    "truck": [
      "T12"
    ],
    "nb_route": [
      [
        1,
        2
      ]
    ],
    "arrival_time": [
      19,
      335
    ],
    "departure_time": [
      19,
      352
    ]
  },
  "C176": {
    "size": 1041,
    "lb_time": 28,
    "ub_time": 654,
    "dnode": "N3",
    "anode": "N14",
    "use": 1,
    "node": [
      "N3",
      "N10",
      "N14"
    ],
    "truck": [
      "T5",
      "T5"
    ],
    "nb_route": [
      [
        1,
        2
      ],
      [
        2,
        3
      ]
    ],
    "arrival_time": [
      28,
      426,
      555
    ],
    "departure_time": [
      28,
      466,
      601
    ]
  },
  "C177": {
    "size": 91,
    "lb_time": 28,
    "ub_time": 482,
    "dnode": "N3",
    "anode": "N6",
    "use": 1,
    "node": [
      "N3",
      "N6"
    ],
    "truck": [
      "T4"
    ],
    "nb_route": [
      [
        1,
        2
      ]
    ],
    "arrival_time": [
      28,
      246
    ],
    "departure_time": [
      28,
      274
    ]
  },
  "C178": {
    "size": 100,
    "lb_time": 28,
    "ub_time": 829,
    "dnode": "N3",
    "anode": "N15",
    "use": 1,
    "node": [
      "N3",
      "N6",
      "N15"
    ],
    "truck": [
      "T4",
      "T4"
    ],
    "nb_route": [
      [
        1,
        2
      ],
      [
        2,
        3
      ]
    ],
    "arrival_time": [
      28,
      246,
      476
    ],
    "departure_time": [
      28,
      274,
      501
    ]
  },
  "C179": {
    "size": 270,
    "lb_time": 450,
    "ub_time": 869,
    "dnode": "N10",
    "anode": "N11",
    "use": 1,
    "node": [
      "N10",
      "N11"
    ],
    "truck": [
      "T11"
    ],
    "nb_route": [
      [
        2,
        3
      ]
    ],
    "arrival_time": [
      450,
      664
    ],
    "departure_time": [
      577,
      765
    ]
  },
  "C180": {
    "size": 25,
    "lb_time": 394,
    "ub_time": 733,
    "dnode": "N10",
    "anode": "N11",
    "use": 1,
    "node": [
      "N10",
      "N11"
    ],
    "truck": [
      "T11"
    ],
    "nb_route": [
      [
        2,
        3
      ]
    ],
    "arrival_time": [
      450,
      664
    ],
    "departure_time": [
      577,
      765
    ]
  },
  "C181": {
    "size": 10,
    "lb_time": 2,
    "ub_time": 501,
    "dnode": "N8",
    "anode": "N21",
    "use": 1,
    "node": [
      "N8",
      "N21"
    ],
    "truck": [
      "T7"
    ],
    "nb_route": [
      [
        1,
        2
      ]
    ],
    "arrival_time": [
      77,
      463
    ],
    "departure_time": [
      77,
      509
    ]
  },
  "C182": {
    "size": 35,
    "lb_time": 10,
    "ub_time": 560,
    "dnode": "N8",
    "anode": "N2",
    "use": 1,
    "node": [
      "N8",
      "N5",
      "N4",
      "N2"
    ],
    "truck": [
      "T9",
      "T9",
      "T9"
    ],
    "nb_route": [
      [
        1,
        2
      ],
      [
        2,
        3
      ],
      [
        3,
        4
      ]
    ],
    "arrival_time": [
      25,
      159,
      347,
      435
    ],
    "departure_time": [
      25,
      179,
      373,
      451
    ]
  },
  "C183": {
    "size": 222,
    "lb_time": 16,
    "ub_time": 554,
    "dnode": "N9",
    "anode": "N25",
    "use": 1,
    "node": [
      "N9",
      "N25"
    ],
    "truck": [
      "T17"
    ],
    "nb_route": [
      [
        1,
        2
      ]
    ],
    "arrival_time": [
      16,
      392
    ],
    "departure_time": [
      16,
      450
    ]
  },
  "C184": {
    "size": 378,
    "lb_time": 432,
    "ub_time": 733,
    "dnode": "N10",
    "anode": "N11",
    "use": 1,
    "node": [
      "N10",
      "N11"
    ],
    "truck": [
      "T11"
    ],
    "nb_route": [
      [
        2,
        3
      ]
    ],
    "arrival_time": [
      450,
      664
    ],
    "departure_time": [
      577,
      765
    ]
  },
  "C185": {
    "size": 30,
    "lb_time": 19,
    "ub_time": 569,
    "dnode": "N9",
    "anode": "N2",
    "use": 1,
    "node": [
      "N9",
      "N2"
    ],
    "truck": [
      "T12"
    ],
    "nb_route": [
      [
        1,
        2
      ]
    ],
    "arrival_time": [
      19,
      335
    ],
    "departure_time": [
      19,
      352
    ]
  }
}