{
  "T1": {
    "dnode": "N3",
    "anode": "N17",
    "max_capacity": 10000,
    "max_worktime": 780,
    "use": 1,
    "node": [
      "N3",
      "N2",
      "N22",
      "N17"
    ],
    "arrival_time": [
      125,
      450,
      534,
      648
    ],
    "departure_time": [
      125,
      474,
      604,
      692
    ],
    "cargo": [
      "C3",
      "C5",
      "C10",
      "C11",
      "C14",
      "C16",
      "C21",
      "C22",
      "C24",
      "C25",
      "C31",
      "C44",
      "C51",
      "C59",
      "C72",
      "C91",
      "C92",
      "C97",
      "C103",
      "C115",
      "C121",
      "C132",
      "C151",
      "C174"
    ],
    "node_cargo": {
      "1": {
        "in": [
          "C3",
          "C5",
          "C10",
          "C11",
          "C14",
          "C16",
          "C21",
          "C22",
          "C24",
          "C31",
          "C103",
          "C132"
        ],
        "out": []
      },
      "2": {
        "in": [],
        "out": [
          "C3",
          "C10",
          "C31",
          "C103"
        ]
      },
      "3": {
        "in": [
          "C25",
          "C44",
          "C51",
          "C59",
          "C72",
          "C91",
          "C92",
          "C97",
          "C115",
          "C121",
          "C151",
          "C174"
        ],
        "out": [
          "C5",
          "C11",
          "C16",
          "C21",
          "C22",
          "C24",
          "C132"
        ]
      },
      "4": {
        "in": [],
        "out": [
          "C14",
          "C25",
          "C44",
          "C51",
          "C59",
          "C72",
          "C91",
          "C92",
          "C97",
          "C115",
          "C121",
          "C151",
          "C174"
        ]
      }
    }
  },
  "T2": {
    "dnode": "N3",
    "anode": "N19",
    "max_capacity": 10000,
    "max_worktime": 780,
    "use": 1,
    "node": [
      "N3",
      "N25",
      "N13",
      "N19"
    ],
    "arrival_time": [
      57,
      442,
      531,
      545
    ],
    "departure_time": [
      57,
      498,
      545,
      559
    ],
    "cargo": [
      "C7",
      "C15",
      "C19",
      "C23",
      "C42",
      "C54",
      "C124",
      "C133",
      "C172"
    ],
    "node_cargo": {
      "1": {
        "in": [
          "C7",
          "C15",
          "C19",
          "C23",
          "C42",
          "C54",
          "C124",
          "C133",
          "C172"
        ],
        "out": []
      },
      "2": {
        "in": [],
        "out": [
          "C7",
          "C15",
          "C19",
          "C23",
          "C42",
          "C54",
          "C133"
        ]
      },
      "3": {
        "in": [],
        "out": [
          "C124"
        ]
      },
      "4": {
        "in": [],
        "out": [
          "C172"
        ]
      }
    }
  },
  "T3": {
    "dnode": "N3",
    "anode": "N10",
    "max_capacity": 10000,
    "max_worktime": 780,
    "use": 1,
    "node": [
      "N3",
      "N21",
      "N10"
    ],
    "arrival_time": [
      40,
      442,
      514
    ],
    "departure_time": [
      40,
      488,
      531
    ],
    "cargo": [
      "C2",
      "C8",
      "C18",
      "C27",
      "C43",
      "C104",
      "C141",
      "C159"
    ],
    "node_cargo": {
      "1": {
        "in": [
          "C2",
          "C8",
          "C18",
          "C27",
          "C43",
          "C104",
          "C141",
          "C159"
        ],
        "out": []
      },
      "2": {
        "in": [],
        "out": [
          "C2",
          "C18",
          "C27",
          "C43",
          "C104",
          "C141",
          "C159"
        ]
      },
      "3": {
        "in": [],
        "out": [
          "C8"
        ]
      }
    }
  },
  "T4": {
    "dnode": "N3",
    "anode": "N15",
    "max_capacity": 10000,
    "max_worktime": 780,
    "use": 1,
    "node": [
      "N3",
      "N6",
      "N15"
    ],
    "arrival_time": [
      28,
      246,
      476
    ],
    "departure_time": [
      28,
      274,
      501
    ],
    "cargo": [
      "C6",
      "C20",
      "C35",
      "C47",
      "C48",
      "C163",
      "C177",
      "C178"
    ],
    "node_cargo": {
      "1": {
        "in": [
          "C6",
          "C20",
          "C35",
          "C47",
          "C48",
          "C163",
          "C177",
          "C178"
        ],
        "out": []
      },
      "2": {
        "in": [],
        "out": [
          "C6",
          "C35",
          "C48",
          "C163",
          "C177"
        ]
      },
      "3": {
        "in": [],
        "out": [
          "C20",
          "C47",
          "C178"
        ]
      }
    }
  },
  "T5": {
    "dnode": "N3",
    "anode": "N14",
    "max_capacity": 10000,
    "max_worktime": 780,
    "use": 1,
    "node": [
      "N3",
      "N10",
      "N14"
    ],
    "arrival_time": [
      28,
      426,
      555
    ],
    "departure_time": [
      28,
      466,
      601
    ],
    "cargo": [
      "C4",
      "C9",
      "C12",
      "C13",
      "C17",
      "C28",
      "C30",
      "C52",
      "C74",
      "C75",
      "C76",
      "C77",
      "C84",
      "C137",
      "C156",
      "C160",
      "C176"
    ],
    "node_cargo": {
      "1": {
        "in": [
          "C4",
          "C9",
          "C12",
          "C13",
          "C17",
          "C28",
          "C30",
          "C52",
          "C74",
          "C75",
          "C76",
          "C77",
          "C84",
          "C137",
          "C156",
          "C160",
          "C176"
        ],
        "out": []
      },
      "2": {
        "in": [],
        "out": [
          "C4",
          "C9",
          "C12",
          "C13",
          "C17",
          "C52",
          "C74",
          "C84",
          "C137",
          "C156",
          "C160"
        ]
      },
      "3": {
        "in": [],
        "out": [
          "C28",
          "C30",
          "C75",
          "C76",
          "C77",
          "C176"
        ]
      }
    }
  },
  "T6": {
    "dnode": "N8",
    "anode": "N16",
    "max_capacity": 10000,
    "max_worktime": 780,
    "use": 1,
    "node": [
      "N8",
      "N26",
      "N23",
      "N16"
    ],
    "arrival_time": [
      0,
      357,
      416,
      482
    ],
    "departure_time": [
      0,
      380,
      443,
      500
    ],
    "cargo": [
      "C37",
      "C58",
      "C86",
      "C87",
      "C173"
    ],
    "node_cargo": {
      "1": {
        "in": [
          "C37",
          "C58",
          "C86",
          "C87",
          "C173"
        ],
        "out": []
      },
      "2": {
        "in": [],
        "out": [
          "C37"
        ]
      },
      "3": {
        "in": [],
        "out": [
          "C58",
          "C87",
          "C173"
        ]
      },
      "4": {
        "in": [],
        "out": [
          "C86"
        ]
      }
    }
  },
  "T7": {
    "dnode": "N8",
    "anode": "N18",
    "max_capacity": 10000,
    "max_worktime": 780,
    "use": 1,
    "node": [
      "N8",
      "N21",
      "N18"
    ],
    "arrival_time": [
      77,
      463,
      538
    ],
    "departure_time": [
      77,
      509,
      592
    ],
    "cargo": [
      "C45",
      "C49",
      "C53",
      "C57",
      "C78",
      "C107",
      "C126",
      "C152",
      "C181"
    ],
    "node_cargo": {
      "1": {
        "in": [
          "C45",
          "C57",
          "C107",
          "C181"
        ],
        "out": []
      },
      "2": {
        "in": [
          "C49",
          "C53",
          "C78",
          "C126",
          "C152"
        ],
        "out": [
          "C45",
          "C107",
          "C181"
        ]
      },
      "3": {
        "in": [],
        "out": [
          "C49",
          "C53",
          "C57",
          "C78",
          "C126",
          "C152"
        ]
      }
    }
  },
  "T8": {
    "dnode": "N8",
    "anode": "N1",
    "max_capacity": 10000,
    "max_worktime": 780,
    "use": 1,
    "node": [
      "N8",
      "N7",
      "N22",
      "N1"
    ],
    "arrival_time": [
      143,
      315,
      520,
      615
    ],
    "departure_time": [
      143,
      342,
      574,
      685
    ],
    "cargo": [
      "C1",
      "C16",
      "C34",
      "C46",
      "C65",
      "C80",
      "C81",
      "C98",
      "C116",
      "C129",
      "C142",
      "C143",
      "C144",
      "C145",
      "C171"
    ],
    "node_cargo": {
      "1": {
        "in": [
          "C46",
          "C65",
          "C98"
        ],
        "out": []
      },
      "2": {
        "in": [],
        "out": [
          "C98"
        ]
      },
      "3": {
        "in": [
          "C1",
          "C16",
          "C34",
          "C80",
          "C81",
          "C116",
          "C129",
          "C142",
          "C143",
          "C144",
          "C145",
          "C171"
        ],
        "out": [
          "C46"
        ]
      },
      "4": {
        "in": [],
        "out": [
          "C1",
          "C16",
          "C34",
          "C65",
          "C80",
          "C81",
          "C116",
          "C129",
          "C142",
          "C143",
          "C144",
          "C145",
          "C171"
        ]
      }
    }
  },
  "T9": {
    "dnode": "N8",
    "anode": "N2",
    "max_capacity": 10000,
    "max_worktime": 780,
    "use": 1,
    "node": [
      "N8",
      "N5",
      "N4",
      "N2"
    ],
    "arrival_time": [
      25,
      159,
      347,
      435
    ],
    "departure_time": [
      25,
      179,
      373,
      451
    ],
    "cargo": [
      "C71",
      "C73",
      "C101",
      "C105",
      "C136",
      "C154",
      "C158",
      "C161",
      "C182"
    ],
    "node_cargo": {
      "1": {
        "in": [
          "C71",
          "C73",
          "C101",
          "C136",
          "C154",
          "C158",
          "C161",
          "C182"
        ],
        "out": []
      },
      "2": {
        "in": [
          "C105"
        ],
        "out": [
          "C71"
        ]
      },
      "3": {
        "in": [],
        "out": [
          "C73",
          "C101",
          "C105",
          "C154",
          "C161"
        ]
      },
      "4": {
        "in": [],
        "out": [
          "C136",
          "C158",
          "C182"
        ]
      }
    }
  },
  "T10": {
    "dnode": "N8",
    "anode": "N12",
    "max_capacity": 10000,
    "max_worktime": 780,
    "use": 1,
    "node": [
      "N8",
      "N17",
      "N27",
      "N12"
    ],
    "arrival_time": [
      17,
      361,
      410,
      475
    ],
    "departure_time": [
      17,
      384,
      437,
      497
    ],
    "cargo": [
      "C38",
      "C63",
      "C85",
      "C108"
    ],
    "node_cargo": {
      "1": {
        "in": [
          "C38",
          "C63",
          "C85",
          "C108"
        ],
        "out": []
      },
      "2": {
        "in": [],
        "out": [
          "C85"
        ]
      },
      "3": {
        "in": [],
        "out": [
          "C38",
          "C108"
        ]
      },
      "4": {
        "in": [],
        "out": [
          "C63"
        ]
      }
    }
  },
  "T11": {
    "dnode": "N8",
    "anode": "N11",
    "max_capacity": 13144,
    "max_worktime": 780,
    "use": 1,
    "node": [
      "N8",
      "N10",
      "N11"
    ],
    "arrival_time": [
      67,
      450,
      664
    ],
    "departure_time": [
      67,
      577,
      765
    ],
    "cargo": [
      "C26",
      "C29",
      "C39",
      "C79",
      "C82",
      "C89",
      "C95",
      "C100",
      "C125",
      "C127",
      "C128",
      "C130",
      "C131",
      "C134",
      "C135",
      "C137",
      "C146",
      "C149",
      "C150",
      "C162",
      "C164",
      "C167",
      "C179",
      "C180",
      "C184"
    ],
    "node_cargo": {
      "1": {
        "in": [
          "C39",
          "C82",
          "C127",
          "C130",
          "C131",
          "C135",
          "C149",
          "C150"
        ],
        "out": []
      },
      "2": {
        "in": [
          "C26",
          "C29",
          "C79",
          "C89",
          "C95",
          "C100",
          "C125",
          "C128",
          "C134",
          "C137",
          "C146",
          "C162",
          "C164",
          "C167",
          "C179",
          "C180",
          "C184"
        ],
        "out": [
          "C39",
          "C82",
          "C127",
          "C131",
          "C149",
          "C150"
        ]
      },
      "3": {
        "in": [],
        "out": [
          "C26",
          "C29",
          "C79",
          "C89",
          "C95",
          "C100",
          "C125",
          "C128",
          "C130",
          "C134",
          "C135",
          "C137",
          "C146",
          "C162",
          "C164",
          "C167",
          "C179",
          "C180",
          "C184"
        ]
      }
    }
  },
  "T12": {
    "dnode": "N9",
    "anode": "N26",
    "max_capacity": 10000,
    "max_worktime": 780,
    "use": 1,
    "node": [
      "N9",
      "N2",
      "N22",
      "N26"
    ],
    "arrival_time": [
      19,
      335,
      412,
      505
    ],
    "departure_time": [
      19,
      352,
      447,
      526
    ],
    "cargo": [
      "C64",
      "C88",
      "C91",
      "C109",
      "C110",
      "C116",
      "C169",
      "C175",
      "C185"
    ],
    "node_cargo": {
      "1": {
        "in": [
          "C64",
          "C88",
          "C91",
          "C109",
          "C110",
          "C116",
          "C169",
          "C175",
          "C185"
        ],
        "out": []
      },
      "2": {
        "in": [],
        "out": [
          "C109",
          "C175",
          "C185"
        ]
      },
      "3": {
        "in": [],
        "out": [
          "C64",
          "C91",
          "C110",
          "C116",
          "C169"
        ]
      },
      "4": {
        "in": [],
        "out": [
          "C88"
        ]
      }
    }
  },
  "T13": {
    "dnode": "N9",
    "anode": "N24",
    "max_capacity": 10000,
    "max_worktime": 780,
    "use": 1,
    "node": [
      "N9",
      "N10",
      "N24"
    ],
    "arrival_time": [
      37,
      427,
      542
    ],
    "departure_time": [
      37,
      478,
      583
    ],
    "cargo": [
      "C32",
      "C33",
      "C40",
      "C68",
      "C95",
      "C99",
      "C106",
      "C112",
      "C114",
      "C118",
      "C119",
      "C147",
      "C165",
      "C170"
    ],
    "node_cargo": {
      "1": {
        "in": [
          "C32",
          "C40",
          "C68",
          "C95",
          "C99",
          "C106",
          "C112",
          "C119",
          "C147",
          "C165"
        ],
        "out": []
      },
      "2": {
        "in": [
          "C33",
          "C114",
          "C118",
          "C170"
        ],
        "out": [
          "C32",
          "C40",
          "C95",
          "C99",
          "C106",
          "C112",
          "C119",
          "C147",
          "C165"
        ]
      },
      "3": {
        "in": [],
        "out": [
          "C33",
          "C68",
          "C114",
          "C118",
          "C170"
        ]
      }
    }
  },
  "T14": {
    "dnode": "N9",
    "anode": "N21",
    "max_capacity": 10000,
    "max_worktime": 780,
    "use": 1,
    "node": [
      "N9",
      "N23",
      "N18",
      "N21"
    ],
    "arrival_time": [
      17,
      398,
      464,
      510
    ],
    "departure_time": [
      17,
      425,
      482,
      538
    ],
    "cargo": [
      "C90",
      "C94",
      "C111"
    ],
    "node_cargo": {
      "1": {
        "in": [
          "C90",
          "C94",
          "C111"
        ],
        "out": []
      },
      "2": {
        "in": [],
        "out": [
          "C90"
        ]
      },
      "3": {
        "in": [],
        "out": [
          "C111"
        ]
      },
      "4": {
        "in": [],
        "out": [
          "C94"
        ]
      }
    }
  },
  "T15": {
    "dnode": "N9",
    "anode": "N13",
    "max_capacity": 10000,
    "max_worktime": 780,
    "use": 1,
    "node": [
      "N9",
      "N27",
      "N13"
    ],
    "arrival_time": [
      9,
      365,
      436
    ],
    "departure_time": [
      9,
      398,
      454
    ],
    "cargo": [
      "C41",
      "C69",
      "C113"
    ],
    "node_cargo": {
      "1": {
        "in": [
          "C41",
          "C69",
          "C113"
        ],
        "out": []
      },
      "2": {
        "in": [],
        "out": [
          "C41",
          "C113"
        ]
      },
      "3": {
        "in": [],
        "out": [
          "C69"
        ]
      }
    }
  },
  "T16": {
    "dnode": "N9",
    "anode": "N20",
    "max_capacity": 10000,
    "max_worktime": 780,
    "use": 1,
    "node": [
      "N9",
      "N12",
      "N10",
      "N20"
    ],
    "arrival_time": [
      39,
      413,
      466,
      537
    ],
    "departure_time": [
      39,
      432,
      515,
      591
    ],
    "cargo": [
      "C50",
      "C66",
      "C70",
      "C83",
      "C120",
      "C122",
      "C123",
      "C155",
      "C156",
      "C157",
      "C166"
    ],
    "node_cargo": {
      "1": {
        "in": [
          "C66",
          "C70",
          "C83"
        ],
        "out": []
      },
      "2": {
        "in": [],
        "out": [
          "C66"
        ]
      },
      "3": {
        "in": [
          "C50",
          "C120",
          "C122",
          "C123",
          "C155",
          "C156",
          "C157",
          "C166"
        ],
        "out": [
          "C70"
        ]
      },
      "4": {
        "in": [],
        "out": [
          "C50",
          "C83",
          "C120",
          "C122",
          "C123",
          "C155",
          "C156",
          "C157",
          "C166"
        ]
      }
    }
  },
  "T17": {
    "dnode": "N9",
    "anode": "N16",
    "max_capacity": 10000,
    "max_worktime": 780,
    "use": 1,
    "node": [
      "N9",
      "N25",
      "N16"
    ],
    "arrival_time": [
      16,
      392,
      472
    ],
    "departure_time": [
      16,
      450,
      496
    ],
    "cargo": [
      "C56",
      "C61",
      "C67",
      "C93",
      "C96",
      "C117",
      "C138",
      "C140",
      "C148",
      "C183"
    ],
    "node_cargo": {
      "1": {
        "in": [
          "C56",
          "C61",
          "C67",
          "C93",
          "C96",
          "C117",
          "C138",
          "C140",
          "C148",
          "C183"
        ],
        "out": []
      },
      "2": {
        "in": [],
        "out": [
          "C56",
          "C61",
          "C93",
          "C96",
          "C117",
          "C138",
          "C183"
        ]
      },
      "3": {
        "in": [],
        "out": [
          "C67",
          "C140",
          "C148"
        ]
      }
    }
  },
  "T18": {
    "dnode": "N8",
    "anode": "N25",
    "max_capacity": 10000,
    "max_worktime": 780,
    "use": 1,
    "node": [
      "N8",
      "N25"
    ],
    "arrival_time": [
      7,
      377
    ],
    "departure_time": [
      7,
      417
    ],
    "cargo": [
      "C60",
      "C62",
      "C102",
      "C139",
      "C153"
    ],
    "node_cargo": {
      "1": {
        "in": [
          "C60",
          "C62",
          "C102",
          "C139",
          "C153"
        ],
        "out": []
      },
      "2": {
        "in": [],
        "out": [
          "C60",
          "C62",
          "C102",
          "C139",
          "C153"
        ]
      }
    }
  },
  "T19": {
    "dnode": "N8",
    "anode": "N15",
    "max_capacity": 10000,
    "max_worktime": 780,
    "use": 1,
    "node": [
      "N8",
      "N20",
      "N15"
    ],
    "arrival_time": [
      7,
      399,
      481
    ],
    "departure_time": [
      7,
      438,
      515
    ],
    "cargo": [
      "C36",
      "C55",
      "C168"
    ],
    "node_cargo": {
      "1": {
        "in": [
          "C36",
          "C55",
          "C168"
        ],
        "out": []
      },
      "2": {
        "in": [],
        "out": [
          "C55",
          "C168"
        ]
      },
      "3": {
        "in": [],
        "out": [
          "C36"
        ]
      }
    }
  }
}