{
  "C1": {
    "size": 576,
    "lb_time": 22,
    "ub_time": 464,
    "dnode": "N5",
    "anode": "N16",
    "use": 1,
    "node": [
      "N5",
      "N16"
    ],
    "truck": [
      "T11"
    ],
    "nb_route": [
      [
        1,
        2
      ]
    ],
    "arrival_time": [
      22,
      365
    ],
    "departure_time": [
      22,
      409
    ]
  },
  "C2": {
    "size": 231,
    "lb_time": 33,
    "ub_time": 648,
    "dnode": "N5",
    "anode": "N31",
    "use": 1,
    "node": [
      "N5",
      "N42",
      "N31"
    ],
    "truck": [
      "T12",
      "T12"
    ],
    "nb_route": [
      [
        1,
        2
      ],
      [
        2,
        3
      ]
    ],
    "arrival_time": [
      33,
      365,
      450
    ],
    "departure_time": [
      33,
      408,
      536
    ]
  },
  "C3": {
    "size": 4613,
    "lb_time": 17,
    "ub_time": 726,
    "dnode": "N5",
    "anode": "N26",
    "use": 1,
    "node": [
      "N5",
      "N26"
    ],
    "truck": [
      "T10"
    ],
    "nb_route": [
      [
        1,
        2
      ]
    ],
    "arrival_time": [
      17,
      358
    ],
    "departure_time": [
      17,
      415
    ]
  },
  "C4": {
    "size": 2669,
    "lb_time": 33,
    "ub_time": 713,
    "dnode": "N5",
    "anode": "N31",
    "use": 1,
    "node": [
      "N5",
      "N42",
      "N31"
    ],
    "truck": [
      "T12",
      "T12"
    ],
    "nb_route": [
      [
        1,
        2
      ],
      [
        2,
        3
      ]
    ],
    "arrival_time": [
      33,
      365,
      450
    ],
    "departure_time": [
      33,
      408,
      536
    ]
  },
  "C5": {
    "size": 7034,
    "lb_time": 14,
    "ub_time": 726,
    "dnode": "N5",
    "anode": "N9",
    "use": 1,
    "node": [
      "N5",
      "N2",
      "N9"
    ],
    "truck": [
      "T9",
      "T9"
    ],
    "nb_route": [
      [
        1,
        2
      ],
      [
        2,
        3
      ]
    ],
    "arrival_time": [
      14,
      317,
      401
    ],
    "departure_time": [
      14,
      369,
      482
    ]
  },
  "C6": {
    "size": 7418,
    "lb_time": 24,
    "ub_time": 726,
    "dnode": "N5",
    "anode": "N22",
    "use": 1,
    "node": [
      "N5",
      "N30",
      "N17",
      "N22"
    ],
    "truck": [
      "T16",
      "T16",
      "T16"
    ],
    "nb_route": [
      [
        1,
        2
      ],
      [
        2,
        3
      ],
      [
        3,
        4
      ]
    ],
    "arrival_time": [
      24,
      346,
      444,
      519
    ],
    "departure_time": [
      24,
      386,
      461,
      604
    ]
  },
  "C7": {
    "size": 3233,
    "lb_time": 33,
    "ub_time": 726,
    "dnode": "N5",
    "anode": "N42",
    "use": 1,
    "node": [
      "N5",
      "N42"
    ],
    "truck": [
      "T12"
    ],
    "nb_route": [
      [
        1,
        2
      ]
    ],
    "arrival_time": [
      33,
      365
    ],
    "departure_time": [
      33,
      408
    ]
  },
  "C8": {
    "size": 3138,
    "lb_time": 5,
    "ub_time": 726,
    "dnode": "N5",
    "anode": "N30",
    "use": 1,
    "node": [
      "N5",
      "N30"
    ],
    "truck": [
      "T17"
    ],
    "nb_route": [
      [
        1,
        2
      ]
    ],
    "arrival_time": [
      5,
      327
    ],
    "departure_time": [
      5,
      370
    ]
  },
  "C9": {
    "size": 8225,
    "lb_time": 25,
    "ub_time": 726,
    "dnode": "N5",
    "anode": "N14",
    "use": 1,
    "node": [
      "N5",
      "N21",
      "N14"
    ],
    "truck": [
      "T6",
      "T6"
    ],
    "nb_route": [
      [
        1,
        2
      ],
      [
        2,
        3
      ]
    ],
    "arrival_time": [
      25,
      314,
      446
    ],
    "departure_time": [
      25,
      373,
      539
    ]
  },
  "C10": {
    "size": 4086,
    "lb_time": 14,
    "ub_time": 726,
    "dnode": "N5",
    "anode": "N2",
    "use": 1,
    "node": [
      "N5",
      "N2"
    ],
    "truck": [
      "T9"
    ],
    "nb_route": [
      [
        1,
        2
      ]
    ],
    "arrival_time": [
      14,
      317
    ],
    "departure_time": [
      14,
      369
    ]
  },
  "C11": {
    "size": 2362,
    "lb_time": 10,
    "ub_time": 726,
    "dnode": "N5",
    "anode": "N45",
    "use": 1,
    "node": [
      "N5",
      "N10",
      "N45"
    ],
    "truck": [
      "T1",
      "T1"
    ],
    "nb_route": [
      [
        1,
        2
      ],
      [
        2,
        3
      ]
    ],
    "arrival_time": [
      63,
      363,
      438
    ],
    "departure_time": [
      63,
      391,
      473
    ]
  },
  "C12": {
    "size": 5253,
    "lb_time": 15,
    "ub_time": 726,
    "dnode": "N5",
    "anode": "N11",
    "use": 1,
    "node": [
      "N5",
      "N8",
      "N11"
    ],
    "truck": [
      "T8",
      "T8"
    ],
    "nb_route": [
      [
        1,
        2
      ],
      [
        2,
        3
      ]
    ],
    "arrival_time": [
      15,
      311,
      414
    ],
    "departure_time": [
      15,
      367,
      477
    ]
  },
  "C13": {
    "size": 1646,
    "lb_time": 25,
    "ub_time": 555,
    "dnode": "N5",
    "anode": "N21",
    "use": 1,
    "node": [
      "N5",
      "N21"
    ],
    "truck": [
      "T6"
    ],
    "nb_route": [
      [
        1,
        2
      ]
    ],
    "arrival_time": [
      25,
      314
    ],
    "departure_time": [
      25,
      373
    ]
  },
  "C14": {
    "size": 7651,
    "lb_time": 17,
    "ub_time": 726,
    "dnode": "N5",
    "anode": "N15",
    "use": 1,
    "node": [
      "N5",
      "N26",
      "N15"
    ],
    "truck": [
      "T10",
      "T10"
    ],
    "nb_route": [
      [
        1,
        2
      ],
      [
        2,
        3
      ]
    ],
    "arrival_time": [
      17,
      358,
      465
    ],
    "departure_time": [
      17,
      415,
      552
    ]
  },
  "C15": {
    "size": 2977,
    "lb_time": 4,
    "ub_time": 726,
    "dnode": "N5",
    "anode": "N36",
    "use": 1,
    "node": [
      "N5",
      "N35",
      "N36"
    ],
    "truck": [
      "T5",
      "T5"
    ],
    "nb_route": [
      [
        1,
        2
      ],
      [
        2,
        3
      ]
    ],
    "arrival_time": [
      4,
      317,
      357
    ],
    "departure_time": [
      4,
      334,
      398
    ]
  },
  "C16": {
    "size": 5884,
    "lb_time": 39,
    "ub_time": 726,
    "dnode": "N5",
    "anode": "N6",
    "use": 1,
    "node": [
      "N5",
      "N6"
    ],
    "truck": [
      "T3"
    ],
    "nb_route": [
      [
        1,
        2
      ]
    ],
    "arrival_time": [
      39,
      329
    ],
    "departure_time": [
      39,
      399
    ]
  },
  "C17": {
    "size": 6316,
    "lb_time": 22,
    "ub_time": 726,
    "dnode": "N5",
    "anode": "N33",
    "use": 1,
    "node": [
      "N5",
      "N16",
      "N33"
    ],
    "truck": [
      "T11",
      "T11"
    ],
    "nb_route": [
      [
        1,
        2
      ],
      [
        2,
        3
      ]
    ],
    "arrival_time": [
      22,
      365,
      465
    ],
    "departure_time": [
      22,
      409,
      563
    ]
  },
  "C18": {
    "size": 4885,
    "lb_time": 6,
    "ub_time": 726,
    "dnode": "N5",
    "anode": "N32",
    "use": 1,
    "node": [
      "N5",
      "N32"
    ],
    "truck": [
      "T18"
    ],
    "nb_route": [
      [
        1,
        2
      ]
    ],
    "arrival_time": [
      6,
      309
    ],
    "departure_time": [
      6,
      372
    ]
  },
  "C19": {
    "size": 6272,
    "lb_time": 39,
    "ub_time": 726,
    "dnode": "N5",
    "anode": "N28",
    "use": 1,
    "node": [
      "N5",
      "N6",
      "N28"
    ],
    "truck": [
      "T3",
      "T3"
    ],
    "nb_route": [
      [
        1,
        2
      ],
      [
        2,
        3
      ]
    ],
    "arrival_time": [
      39,
      329,
      428
    ],
    "departure_time": [
      39,
      399,
      502
    ]
  },
  "C20": {
    "size": 1691,
    "lb_time": 11,
    "ub_time": 672,
    "dnode": "N5",
    "anode": "N41",
    "use": 1,
    "node": [
      "N5",
      "N44",
      "N39",
      "N41"
    ],
    "truck": [
      "T19",
      "T19",
      "T19"
    ],
    "nb_route": [
      [
        1,
        2
      ],
      [
        2,
        3
      ],
      [
        3,
        4
      ]
    ],
    "arrival_time": [
      11,
      264,
      396,
      492
    ],
    "departure_time": [
      11,
      298,
      429,
      555
    ]
  },
  "C21": {
    "size": 2694,
    "lb_time": 22,
    "ub_time": 726,
    "dnode": "N5",
    "anode": "N16",
    "use": 1,
    "node": [
      "N5",
      "N16"
    ],
    "truck": [
      "T11"
    ],
    "nb_route": [
      [
        1,
        2
      ]
    ],
    "arrival_time": [
      22,
      365
    ],
    "departure_time": [
      22,
      409
    ]
  },
  "C22": {
    "size": 2924,
    "lb_time": 24,
    "ub_time": 726,
    "dnode": "N5",
    "anode": "N30",
    "use": 1,
    "node": [
      "N5",
      "N30"
    ],
    "truck": [
      "T16"
    ],
    "nb_route": [
      [
        1,
        2
      ]
    ],
    "arrival_time": [
      24,
      346
    ],
    "departure_time": [
      24,
      386
    ]
  },
  "C23": {
    "size": 2892,
    "lb_time": 6,
    "ub_time": 726,
    "dnode": "N5",
    "anode": "N12",
    "use": 1,
    "node": [
      "N5",
      "N32",
      "N12"
    ],
    "truck": [
      "T18",
      "T18"
    ],
    "nb_route": [
      [
        1,
        2
      ],
      [
        2,
        3
      ]
    ],
    "arrival_time": [
      6,
      309,
      412
    ],
    "departure_time": [
      6,
      372,
      452
    ]
  },
  "C24": {
    "size": 5452,
    "lb_time": 1,
    "ub_time": 726,
    "dnode": "N5",
    "anode": "N50",
    "use": 1,
    "node": [
      "N5",
      "N19",
      "N50"
    ],
    "truck": [
      "T2",
      "T2"
    ],
    "nb_route": [
      [
        1,
        2
      ],
      [
        2,
        3
      ]
    ],
    "arrival_time": [
      1,
      310,
      372
    ],
    "departure_time": [
      1,
      340,
      437
    ]
  },
  "C25": {
    "size": 2625,
    "lb_time": 9,
    "ub_time": 726,
    "dnode": "N5",
    "anode": "N40",
    "use": 1,
    "node": [
      "N5",
      "N25",
      "N18",
      "N40"
    ],
    "truck": [
      "T4",
      "T4",
      "T4"
    ],
    "nb_route": [
      [
        1,
        2
      ],
      [
        2,
        3
      ],
      [
        3,
        4
      ]
    ],
    "arrival_time": [
      9,
      319,
      378,
      432
    ],
    "departure_time": [
      9,
      336,
      402,
      469
    ]
  },
  "C26": {
    "size": 5250,
    "lb_time": 13,
    "ub_time": 726,
    "dnode": "N5",
    "anode": "N48",
    "use": 1,
    "node": [
      "N5",
      "N7",
      "N48"
    ],
    "truck": [
      "T7",
      "T7"
    ],
    "nb_route": [
      [
        1,
        2
      ],
      [
        2,
        3
      ]
    ],
    "arrival_time": [
      13,
      306,
      382
    ],
    "departure_time": [
      13,
      354,
      445
    ]
  },
  "C27": {
    "size": 4539,
    "lb_time": 15,
    "ub_time": 726,
    "dnode": "N5",
    "anode": "N8",
    "use": 1,
    "node": [
      "N5",
      "N8"
    ],
    "truck": [
      "T8"
    ],
    "nb_route": [
      [
        1,
        2
      ]
    ],
    "arrival_time": [
      15,
      311
    ],
    "departure_time": [
      15,
      367
    ]
  },
  "C28": {
    "size": 1829,
    "lb_time": 1,
    "ub_time": 726,
    "dnode": "N5",
    "anode": "N19",
    "use": 1,
    "node": [
      "N5",
      "N19"
    ],
    "truck": [
      "T2"
    ],
    "nb_route": [
      [
        1,
        2
      ]
    ],
    "arrival_time": [
      1,
      310
    ],
    "departure_time": [
      1,
      340
    ]
  },
  "C29": {
    "size": 1572,
    "lb_time": 10,
    "ub_time": 726,
    "dnode": "N5",
    "anode": "N10",
    "use": 1,
    "node": [
      "N5",
      "N10"
    ],
    "truck": [
      "T1"
    ],
    "nb_route": [
      [
        1,
        2
      ]
    ],
    "arrival_time": [
      63,
      363
    ],
    "departure_time": [
      63,
      391
    ]
  },
  "C30": {
    "size": 3412,
    "lb_time": 10,
    "ub_time": 726,
    "dnode": "N5",
    "anode": "N27",
    "use": 1,
    "node": [
      "N5",
      "N10",
      "N45",
      "N27"
    ],
    "truck": [
      "T1",
      "T1",
      "T1"
    ],
    "nb_route": [
      [
        1,
        2
      ],
      [
        2,
        3
      ],
      [
        3,
        4
      ]
    ],
    "arrival_time": [
      63,
      363,
      438,
      513
    ],
    "departure_time": [
      63,
      391,
      473,
      559
    ]
  },
  "C31": {
    "size": 595,
    "lb_time": 9,
    "ub_time": 726,
    "dnode": "N5",
    "anode": "N25",
    "use": 1,
    "node": [
      "N5",
      "N25"
    ],
    "truck": [
      "T4"
    ],
    "nb_route": [
      [
        1,
        2
      ]
    ],
    "arrival_time": [
      9,
      319
    ],
    "departure_time": [
      9,
      336
    ]
  },
  "C32": {
    "size": 5177,
    "lb_time": 0,
    "ub_time": 726,
    "dnode": "N5",
    "anode": "N34",
    "use": 1,
    "node": [
      "N5",
      "N34"
    ],
    "truck": [
      "T14"
    ],
    "nb_route": [
      [
        1,
        2
      ]
    ],
    "arrival_time": [
      0,
      337
    ],
    "departure_time": [
      0,
      400
    ]
  },
  "C33": {
    "size": 2833,
    "lb_time": 17,
    "ub_time": 726,
    "dnode": "N5",
    "anode": "N1",
    "use": 1,
    "node": [
      "N5",
      "N50",
      "N1"
    ],
    "truck": [
      "T13",
      "T13"
    ],
    "nb_route": [
      [
        1,
        2
      ],
      [
        2,
        3
      ]
    ],
    "arrival_time": [
      17,
      342,
      431
    ],
    "departure_time": [
      17,
      385,
      471
    ]
  },
  "C34": {
    "size": 5595,
    "lb_time": 27,
    "ub_time": 726,
    "dnode": "N5",
    "anode": "N43",
    "use": 1,
    "node": [
      "N5",
      "N43"
    ],
    "truck": [
      "T15"
    ],
    "nb_route": [
      [
        1,
        2
      ]
    ],
    "arrival_time": [
      27,
      388
    ],
    "departure_time": [
      27,
      455
    ]
  },
  "C35": {
    "size": 5159,
    "lb_time": 0,
    "ub_time": 726,
    "dnode": "N5",
    "anode": "N29",
    "use": 1,
    "node": [
      "N5",
      "N34",
      "N29"
    ],
    "truck": [
      "T14",
      "T14"
    ],
    "nb_route": [
      [
        1,
        2
      ],
      [
        2,
        3
      ]
    ],
    "arrival_time": [
      0,
      337,
      446
    ],
    "departure_time": [
      0,
      400,
      509
    ]
  },
  "C36": {
    "size": 535,
    "lb_time": 4,
    "ub_time": 726,
    "dnode": "N5",
    "anode": "N35",
    "use": 1,
    "node": [
      "N5",
      "N35"
    ],
    "truck": [
      "T5"
    ],
    "nb_route": [
      [
        1,
        2
      ]
    ],
    "arrival_time": [
      4,
      317
    ],
    "departure_time": [
      4,
      334
    ]
  },
  "C37": {
    "size": 1341,
    "lb_time": 30,
    "ub_time": 726,
    "dnode": "N5",
    "anode": "N20",
    "use": 1,
    "node": [
      "N5",
      "N51",
      "N20"
    ],
    "truck": [
      "T21",
      "T21"
    ],
    "nb_route": [
      [
        1,
        2
      ],
      [
        2,
        3
      ]
    ],
    "arrival_time": [
      30,
      304,
      412
    ],
    "departure_time": [
      30,
      370,
      437
    ]
  },
  "C38": {
    "size": 5506,
    "lb_time": 30,
    "ub_time": 726,
    "dnode": "N5",
    "anode": "N51",
    "use": 1,
    "node": [
      "N5",
      "N51"
    ],
    "truck": [
      "T21"
    ],
    "nb_route": [
      [
        1,
        2
      ]
    ],
    "arrival_time": [
      30,
      304
    ],
    "departure_time": [
      30,
      370
    ]
  },
  "C39": {
    "size": 5010,
    "lb_time": 4,
    "ub_time": 726,
    "dnode": "N5",
    "anode": "N23",
    "use": 1,
    "node": [
      "N5",
      "N35",
      "N36",
      "N23"
    ],
    "truck": [
      "T5",
      "T5",
      "T5"
    ],
    "nb_route": [
      [
        1,
        2
      ],
      [
        2,
        3
      ],
      [
        3,
        4
      ]
    ],
    "arrival_time": [
      4,
      317,
      357,
      402
    ],
    "departure_time": [
      4,
      334,
      398,
      463
    ]
  },
  "C40": {
    "size": 2375,
    "lb_time": 3,
    "ub_time": 726,
    "dnode": "N5",
    "anode": "N38",
    "use": 1,
    "node": [
      "N5",
      "N38"
    ],
    "truck": [
      "T20"
    ],
    "nb_route": [
      [
        1,
        2
      ]
    ],
    "arrival_time": [
      3,
      369
    ],
    "departure_time": [
      3,
      414
    ]
  },
  "C41": {
    "size": 2871,
    "lb_time": 17,
    "ub_time": 547,
    "dnode": "N5",
    "anode": "N50",
    "use": 1,
    "node": [
      "N5",
      "N50"
    ],
    "truck": [
      "T13"
    ],
    "nb_route": [
      [
        1,
        2
      ]
    ],
    "arrival_time": [
      17,
      342
    ],
    "departure_time": [
      17,
      385
    ]
  },
  "C42": {
    "size": 2816,
    "lb_time": 11,
    "ub_time": 726,
    "dnode": "N5",
    "anode": "N41",
    "use": 1,
    "node": [
      "N5",
      "N44",
      "N39",
      "N41"
    ],
    "truck": [
      "T19",
      "T19",
      "T19"
    ],
    "nb_route": [
      [
        1,
        2
      ],
      [
        2,
        3
      ],
      [
        3,
        4
      ]
    ],
    "arrival_time": [
      11,
      264,
      396,
      492
    ],
    "departure_time": [
      11,
      298,
      429,
      555
    ]
  },
  "C43": {
    "size": 3362,
    "lb_time": 3,
    "ub_time": 726,
    "dnode": "N5",
    "anode": "N37",
    "use": 1,
    "node": [
      "N5",
      "N38",
      "N37"
    ],
    "truck": [
      "T20",
      "T20"
    ],
    "nb_route": [
      [
        1,
        2
      ],
      [
        2,
        3
      ]
    ],
    "arrival_time": [
      3,
      369,
      466
    ],
    "departure_time": [
      3,
      414,
      511
    ]
  },
  "C44": {
    "size": 2046,
    "lb_time": 25,
    "ub_time": 726,
    "dnode": "N5",
    "anode": "N21",
    "use": 1,
    "node": [
      "N5",
      "N21"
    ],
    "truck": [
      "T6"
    ],
    "nb_route": [
      [
        1,
        2
      ]
    ],
    "arrival_time": [
      25,
      314
    ],
    "departure_time": [
      25,
      373
    ]
  },
  "C45": {
    "size": 966,
    "lb_time": 25,
    "ub_time": 528,
    "dnode": "N5",
    "anode": "N21",
    "use": 1,
    "node": [
      "N5",
      "N21"
    ],
    "truck": [
      "T6"
    ],
    "nb_route": [
      [
        1,
        2
      ]
    ],
    "arrival_time": [
      25,
      314
    ],
    "departure_time": [
      25,
      373
    ]
  },
  "C46": {
    "size": 2862,
    "lb_time": 17,
    "ub_time": 726,
    "dnode": "N5",
    "anode": "N4",
    "use": 1,
    "node": [
      "N5",
      "N50",
      "N1",
      "N4"
    ],
    "truck": [
      "T13",
      "T13",
      "T13"
    ],
    "nb_route": [
      [
        1,
        2
      ],
      [
        2,
        3
      ],
      [
        3,
        4
      ]
    ],
    "arrival_time": [
      17,
      342,
      431,
      509
    ],
    "departure_time": [
      17,
      385,
      471,
      549
    ]
  },
  "C47": {
    "size": 2409,
    "lb_time": 22,
    "ub_time": 714,
    "dnode": "N5",
    "anode": "N33",
    "use": 1,
    "node": [
      "N5",
      "N16",
      "N33"
    ],
    "truck": [
      "T11",
      "T11"
    ],
    "nb_route": [
      [
        1,
        2
      ],
      [
        2,
        3
      ]
    ],
    "arrival_time": [
      22,
      365,
      465
    ],
    "departure_time": [
      22,
      409,
      563
    ]
  },
  "C48": {
    "size": 2216,
    "lb_time": 11,
    "ub_time": 726,
    "dnode": "N5",
    "anode": "N39",
    "use": 1,
    "node": [
      "N5",
      "N44",
      "N39"
    ],
    "truck": [
      "T19",
      "T19"
    ],
    "nb_route": [
      [
        1,
        2
      ],
      [
        2,
        3
      ]
    ],
    "arrival_time": [
      11,
      264,
      396
    ],
    "departure_time": [
      11,
      298,
      429
    ]
  },
  "C49": {
    "size": 1252,
    "lb_time": 9,
    "ub_time": 726,
    "dnode": "N5",
    "anode": "N18",
    "use": 1,
    "node": [
      "N5",
      "N25",
      "N18"
    ],
    "truck": [
      "T4",
      "T4"
    ],
    "nb_route": [
      [
        1,
        2
      ],
      [
        2,
        3
      ]
    ],
    "arrival_time": [
      9,
      319,
      378
    ],
    "departure_time": [
      9,
      336,
      402
    ]
  },
  "C50": {
    "size": 3742,
    "lb_time": 5,
    "ub_time": 726,
    "dnode": "N5",
    "anode": "N13",
    "use": 1,
    "node": [
      "N5",
      "N30",
      "N13"
    ],
    "truck": [
      "T17",
      "T17"
    ],
    "nb_route": [
      [
        1,
        2
      ],
      [
        2,
        3
      ]
    ],
    "arrival_time": [
      5,
      327,
      444
    ],
    "departure_time": [
      5,
      370,
      493
    ]
  },
  "C51": {
    "size": 3678,
    "lb_time": 13,
    "ub_time": 726,
    "dnode": "N5",
    "anode": "N7",
    "use": 1,
    "node": [
      "N5",
      "N7"
    ],
    "truck": [
      "T7"
    ],
    "nb_route": [
      [
        1,
        2
      ]
    ],
    "arrival_time": [
      13,
      306
    ],
    "departure_time": [
      13,
      354
    ]
  },
  "C52": {
    "size": 5324,
    "lb_time": 27,
    "ub_time": 726,
    "dnode": "N5",
    "anode": "N3",
    "use": 1,
    "node": [
      "N5",
      "N43",
      "N3"
    ],
    "truck": [
      "T15",
      "T15"
    ],
    "nb_route": [
      [
        1,
        2
      ],
      [
        2,
        3
      ]
    ],
    "arrival_time": [
      27,
      388,
      507
    ],
    "departure_time": [
      27,
      455,
      571
    ]
  },
  "C53": {
    "size": 2978,
    "lb_time": 5,
    "ub_time": 726,
    "dnode": "N5",
    "anode": "N24",
    "use": 1,
    "node": [
      "N5",
      "N30",
      "N13",
      "N24"
    ],
    "truck": [
      "T17",
      "T17",
      "T17"
    ],
    "nb_route": [
      [
        1,
        2
      ],
      [
        2,
        3
      ],
      [
        3,
        4
      ]
    ],
    "arrival_time": [
      5,
      327,
      444,
      547
    ],
    "departure_time": [
      5,
      370,
      493,
      595
    ]
  },
  "C54": {
    "size": 4491,
    "lb_time": 33,
    "ub_time": 726,
    "dnode": "N5",
    "anode": "N31",
    "use": 1,
    "node": [
      "N5",
      "N42",
      "N31"
    ],
    "truck": [
      "T12",
      "T12"
    ],
    "nb_route": [
      [
        1,
        2
      ],
      [
        2,
        3
      ]
    ],
    "arrival_time": [
      33,
      365,
      450
    ],
    "departure_time": [
      33,
      408,
      536
    ]
  },
  "C55": {
    "size": 557,
    "lb_time": 24,
    "ub_time": 726,
    "dnode": "N5",
    "anode": "N17",
    "use": 1,
    "node": [
      "N5",
      "N30",
      "N17"
    ],
    "truck": [
      "T16",
      "T16"
    ],
    "nb_route": [
      [
        1,
        2
      ],
      [
        2,
        3
      ]
    ],
    "arrival_time": [
      24,
      346,
      444
    ],
    "departure_time": [
      24,
      386,
      461
    ]
  },
  "C56": {
    "size": 841,
    "lb_time": 3,
    "ub_time": 792,
    "dnode": "N5",
    "anode": "N49",
    "use": 1,
    "node": [
      "N5",
      "N38",
      "N37",
      "N46",
      "N47",
      "N49"
    ],
    "truck": [
      "T20",
      "T20",
      "T20",
      "T20",
      "T20"
    ],
    "nb_route": [
      [
        1,
        2
      ],
      [
        2,
        3
      ],
      [
        3,
        4
      ],
      [
        4,
        5
      ],
      [
        5,
        6
      ]
    ],
    "arrival_time": [
      3,
      369,
      466,
      537,
      581,
      652
    ],
    "departure_time": [
      3,
      414,
      511,
      550,
      595,
      672
    ]
  },
  "C57": {
    "size": 192,
    "lb_time": 3,
    "ub_time": 628,
    "dnode": "N5",
    "anode": "N38",
    "use": 1,
    "node": [
      "N5",
      "N38"
    ],
    "truck": [
      "T20"
    ],
    "nb_route": [
      [
        1,
        2
      ]
    ],
    "arrival_time": [
      3,
      369
    ],
    "departure_time": [
      3,
      414
    ]
  },
  "C58": {
    "size": 753,
    "lb_time": 3,
    "ub_time": 562,
    "dnode": "N5",
    "anode": "N38",
    "use": 1,
    "node": [
      "N5",
      "N38"
    ],
    "truck": [
      "T20"
    ],
    "nb_route": [
      [
        1,
        2
      ]
    ],
    "arrival_time": [
      3,
      369
    ],
    "departure_time": [
      3,
      414
    ]
  },
  "C59": {
    "size": 2231,
    "lb_time": 11,
    "ub_time": 726,
    "dnode": "N5",
    "anode": "N44",
    "use": 1,
    "node": [
      "N5",
      "N44"
    ],
    "truck": [
      "T19"
    ],
    "nb_route": [
      [
        1,
        2
      ]
    ],
    "arrival_time": [
      11,
      264
    ],
    "departure_time": [
      11,
      298
    ]
  },
  "C60": {
    "size": 142,
    "lb_time": 17,
    "ub_time": 641,
    "dnode": "N5",
    "anode": "N50",
    "use": 1,
    "node": [
      "N5",
      "N50"
    ],
    "truck": [
      "T13"
    ],
    "nb_route": [
      [
        1,
        2
      ]
    ],
    "arrival_time": [
      17,
      342
    ],
    "departure_time": [
      17,
      385
    ]
  },
  "C61": {
    "size": 632,
    "lb_time": 5,
    "ub_time": 835,
    "dnode": "N5",
    "anode": "N24",
    "use": 1,
    "node": [
      "N5",
      "N30",
      "N13",
      "N24"
    ],
    "truck": [
      "T17",
      "T17",
      "T17"
    ],
    "nb_route": [
      [
        1,
        2
      ],
      [
        2,
        3
      ],
      [
        3,
        4
      ]
    ],
    "arrival_time": [
      5,
      327,
      444,
      547
    ],
    "departure_time": [
      5,
      370,
      493,
      595
    ]
  },
  "C62": {
    "size": 245,
    "lb_time": 3,
    "ub_time": 726,
    "dnode": "N5",
    "anode": "N47",
    "use": 1,
    "node": [
      "N5",
      "N38",
      "N37",
      "N46",
      "N47"
    ],
    "truck": [
      "T20",
      "T20",
      "T20",
      "T20"
    ],
    "nb_route": [
      [
        1,
        2
      ],
      [
        2,
        3
      ],
      [
        3,
        4
      ],
      [
        4,
        5
      ]
    ],
    "arrival_time": [
      3,
      369,
      466,
      537,
      581
    ],
    "departure_time": [
      3,
      414,
      511,
      550,
      595
    ]
  },
  "C63": {
    "size": 163,
    "lb_time": 3,
    "ub_time": 726,
    "dnode": "N5",
    "anode": "N46",
    "use": 1,
    "node": [
      "N5",
      "N38",
      "N37",
      "N46"
    ],
    "truck": [
      "T20",
      "T20",
      "T20"
    ],
    "nb_route": [
      [
        1,
        2
      ],
      [
        2,
        3
      ],
      [
        3,
        4
      ]
    ],
    "arrival_time": [
      3,
      369,
      466,
      537
    ],
    "departure_time": [
      3,
      414,
      511,
      550
    ]
  },
  "C64": {
    "size": 253,
    "lb_time": 6,
    "ub_time": 901,
    "dnode": "N5",
    "anode": "N32",
    "use": 1,
    "node": [
      "N5",
      "N32"
    ],
    "truck": [
      "T18"
    ],
    "nb_route": [
      [
        1,
        2
      ]
    ],
    "arrival_time": [
      6,
      309
    ],
    "departure_time": [
      6,
      372
    ]
  },
  "C65": {
    "size": 2,
    "lb_time": 33,
    "ub_time": 726,
    "dnode": "N5",
    "anode": "N23",
    "use": 1,
    "node": [
      "N5",
      "N42",
      "N31",
      "N23"
    ],
    "truck": [
      "T12",
      "T12",
      "T12"
    ],
    "nb_route": [
      [
        1,
        2
      ],
      [
        2,
        3
      ],
      [
        3,
        4
      ]
    ],
    "arrival_time": [
      33,
      365,
      450,
      568
    ],
    "departure_time": [
      33,
      408,
      536,
      580
    ]
  },
  "C66": {
    "size": 86,
    "lb_time": 17,
    "ub_time": 726,
    "dnode": "N5",
    "anode": "N50",
    "use": 1,
    "node": [
      "N5",
      "N50"
    ],
    "truck": [
      "T13"
    ],
    "nb_route": [
      [
        1,
        2
      ]
    ],
    "arrival_time": [
      17,
      342
    ],
    "departure_time": [
      17,
      385
    ]
  },
  "C67": {
    "size": 701,
    "lb_time": 11,
    "ub_time": 780,
    "dnode": "N5",
    "anode": "N41",
    "use": 1,
    "node": [
      "N5",
      "N44",
      "N39",
      "N41"
    ],
    "truck": [
      "T19",
      "T19",
      "T19"
    ],
    "nb_route": [
      [
        1,
        2
      ],
      [
        2,
        3
      ],
      [
        3,
        4
      ]
    ],
    "arrival_time": [
      11,
      264,
      396,
      492
    ],
    "departure_time": [
      11,
      298,
      429,
      555
    ]
  },
  "C68": {
    "size": 20,
    "lb_time": 391,
    "ub_time": 2166,
    "dnode": "N10",
    "anode": "N27",
    "use": 1,
    "node": [
      "N10",
      "N45",
      "N27"
    ],
    "truck": [
      "T1",
      "T1"
    ],
    "nb_route": [
      [
        2,
        3
      ],
      [
        3,
        4
      ]
    ],
    "arrival_time": [
      363,
      438,
      513
    ],
    "departure_time": [
      391,
      473,
      559
    ]
  }
}