{
  "T1": {
    "dnode": "N5",
    "anode": "N27",
    "max_capacity": 10000,
    "max_worktime": 763,
    "use": 1,
    "node": [
      "N5",
      "N10",
      "N45",
      "N27"
    ],
    "arrival_time": [
      63,
      363,
      438,
      513
    ],
    "departure_time": [
      63,
      391,
      473,
      559
    ],
    "cargo": [
      "C11",
      "C29",
      "C30",
      "C68"
    ],
    "node_cargo": {
      "1": {
        "in": [
          "C11",
          "C29",
          "C30"
        ],
        "out": []
      },
      "2": {
        "in": [
          "C68"
        ],
        "out": [
          "C29"
        ]
      },
      "3": {
        "in": [],
        "out": [
          "C11"
        ]
      },
      "4": {
        "in": [],
        "out": [
          "C30",
          "C68"
        ]
      }
    }
  },
  "T2": {
    "dnode": "N5",
    "anode": "N50",
    "max_capacity": 10000,
    "max_worktime": 780,
    "use": 1,
    "node": [
      "N5",
      "N19",
      "N50"
    ],
    "arrival_time": [
      1,
      310,
      372
    ],
    "departure_time": [
      1,
      340,
      437
    ],
    "cargo": [
      "C24",
      "C28"
    ],
    "node_cargo": {
      "1": {
        "in": [
          "C24",
          "C28"
        ],
        "out": []
      },
      "2": {
        "in": [],
        "out": [
          "C28"
        ]
      },
      "3": {
        "in": [],
        "out": [
          "C24"
        ]
      }
    }
  },
  "T3": {
    "dnode": "N5",
    "anode": "N28",
    "max_capacity": 12156,
    "max_worktime": 780,
    "use": 1,
    "node": [
      "N5",
      "N6",
      "N28"
    ],
    "arrival_time": [
      39,
      329,
      428
    ],
    "departure_time": [
      39,
      399,
      502
    ],
    "cargo": [
      "C16",
      "C19"
    ],
    "node_cargo": {
      "1": {
        "in": [
          "C16",
          "C19"
        ],
        "out": []
      },
      "2": {
        "in": [],
        "out": [
          "C16"
        ]
      },
      "3": {
        "in": [],
        "out": [
          "C19"
        ]
      }
    }
  },
  "T4": {
    "dnode": "N5",
    "anode": "N40",
    "max_capacity": 10000,
    "max_worktime": 780,
    "use": 1,
    "node": [
      "N5",
      "N25",
      "N18",
      "N40"
    ],
    "arrival_time": [
      9,
      319,
      378,
      432
    ],
    "departure_time": [
      9,
      336,
      402,
      469
    ],
    "cargo": [
      "C25",
      "C31",
      "C49"
    ],
    "node_cargo": {
      "1": {
        "in": [
          "C25",
          "C31",
          "C49"
        ],
        "out": []
      },
      "2": {
        "in": [],
        "out": [
          "C31"
        ]
      },
      "3": {
        "in": [],
        "out": [
          "C49"
        ]
      },
      "4": {
        "in": [],
        "out": [
          "C25"
        ]
      }
    }
  },
  "T5": {
    "dnode": "N5",
    "anode": "N23",
    "max_capacity": 10000,
    "max_worktime": 773,
    "use": 1,
    "node": [
      "N5",
      "N35",
      "N36",
      "N23"
    ],
    "arrival_time": [
      4,
      317,
      357,
      402
    ],
    "departure_time": [
      4,
      334,
      398,
      463
    ],
    "cargo": [
      "C15",
      "C36",
      "C39"
    ],
    "node_cargo": {
      "1": {
        "in": [
          "C15",
          "C36",
          "C39"
        ],
        "out": []
      },
      "2": {
        "in": [],
        "out": [
          "C36"
        ]
      },
      "3": {
        "in": [],
        "out": [
          "C15"
        ]
      },
      "4": {
        "in": [],
        "out": [
          "C39"
        ]
      }
    }
  },
  "T6": {
    "dnode": "N5",
    "anode": "N14",
    "max_capacity": 12883,
    "max_worktime": 780,
    "use": 1,
    "node": [
      "N5",
      "N21",
      "N14"
    ],
    "arrival_time": [
      25,
      314,
      446
    ],
    "departure_time": [
      25,
      373,
      539
    ],
    "cargo": [
      "C9",
      "C13",
      "C44",
      "C45"
    ],
    "node_cargo": {
      "1": {
        "in": [
          "C9",
          "C13",
          "C44",
          "C45"
        ],
        "out": []
      },
      "2": {
        "in": [],
        "out": [
          "C13",
          "C44",
          "C45"
        ]
      },
      "3": {
        "in": [],
        "out": [
          "C9"
        ]
      }
    }
  },
  "T7": {
    "dnode": "N5",
    "anode": "N48",
    "max_capacity": 10000,
    "max_worktime": 780,
    "use": 1,
    "node": [
      "N5",
      "N7",
      "N48"
    ],
    "arrival_time": [
      13,
      306,
      382
    ],
    "departure_time": [
      13,
      354,
      445
    ],
    "cargo": [
      "C26",
      "C51"
    ],
    "node_cargo": {
      "1": {
        "in": [
          "C26",
          "C51"
        ],
        "out": []
      },
      "2": {
        "in": [],
        "out": [
          "C51"
        ]
      },
      "3": {
        "in": [],
        "out": [
          "C26"
        ]
      }
    }
  },
  "T8": {
    "dnode": "N5",
    "anode": "N11",
    "max_capacity": 10000,
    "max_worktime": 780,
    "use": 1,
    "node": [
      "N5",
      "N8",
      "N11"
    ],
    "arrival_time": [
      15,
      311,
      414
    ],
    "departure_time": [
      15,
      367,
      477
    ],
    "cargo": [
      "C12",
      "C27"
    ],
    "node_cargo": {
      "1": {
        "in": [
          "C12",
          "C27"
        ],
        "out": []
      },
      "2": {
        "in": [],
        "out": [
          "C27"
        ]
      },
      "3": {
        "in": [],
        "out": [
          "C12"
        ]
      }
    }
  },
  "T9": {
    "dnode": "N5",
    "anode": "N9",
    "max_capacity": 11120,
    "max_worktime": 748,
    "use": 1,
    "node": [
      "N5",
      "N2",
      "N9"
    ],
    "arrival_time": [
      14,
      317,
      401
    ],
    "departure_time": [
      14,
      369,
      482
    ],
    "cargo": [
      "C5",
      "C10"
    ],
    "node_cargo": {
      "1": {
        "in": [
          "C5",
          "C10"
        ],
        "out": []
      },
      "2": {
        "in": [],
        "out": [
          "C10"
        ]
      },
      "3": {
        "in": [],
        "out": [
          "C5"
        ]
      }
    }
  },
  "T10": {
    "dnode": "N5",
    "anode": "N15",
    "max_capacity": 12264,
    "max_worktime": 780,
    "use": 1,
    "node": [
      "N5",
      "N26",
      "N15"
    ],
    "arrival_time": [
      17,
      358,
      465
    ],
    "departure_time": [
      17,
      415,
      552
    ],
    "cargo": [
      "C3",
      "C14"
    ],
    "node_cargo": {
      "1": {
        "in": [
          "C3",
          "C14"
        ],
        "out": []
      },
      "2": {
        "in": [],
        "out": [
          "C3"
        ]
      },
      "3": {
        "in": [],
        "out": [
          "C14"
        ]
      }
    }
  },
  "T11": {
    "dnode": "N5",
    "anode": "N33",
    "max_capacity": 11995,
    "max_worktime": 780,
    "use": 1,
    "node": [
      "N5",
      "N16",
      "N33"
    ],
    "arrival_time": [
      22,
      365,
      465
    ],
    "departure_time": [
      22,
      409,
      563
    ],
    "cargo": [
      "C1",
      "C17",
      "C21",
      "C47"
    ],
    "node_cargo": {
      "1": {
        "in": [
          "C1",
          "C17",
          "C21",
          "C47"
        ],
        "out": []
      },
      "2": {
        "in": [],
        "out": [
          "C1",
          "C21"
        ]
      },
      "3": {
        "in": [],
        "out": [
          "C17",
          "C47"
        ]
      }
    }
  },
  "T12": {
    "dnode": "N5",
    "anode": "N23",
    "max_capacity": 10626,
    "max_worktime": 780,
    "use": 1,
    "node": [
      "N5",
      "N42",
      "N31",
      "N23"
    ],
    "arrival_time": [
      33,
      365,
      450,
      568
    ],
    "departure_time": [
      33,
      408,
      536,
      580
    ],
    "cargo": [
      "C2",
      "C4",
      "C7",
      "C54",
      "C65"
    ],
    "node_cargo": {
      "1": {
        "in": [
          "C2",
          "C4",
          "C7",
          "C54",
          "C65"
        ],
        "out": []
      },
      "2": {
        "in": [],
        "out": [
          "C7"
        ]
      },
      "3": {
        "in": [],
        "out": [
          "C2",
          "C4",
          "C54"
        ]
      },
      "4": {
        "in": [],
        "out": [
          "C65"
        ]
      }
    }
  },
  "T13": {
    "dnode": "N5",
    "anode": "N4",
    "max_capacity": 10000,
    "max_worktime": 780,
    "use": 1,
    "node": [
      "N5",
      "N50",
      "N1",
      "N4"
    ],
    "arrival_time": [
      17,
      342,
      431,
      509
    ],
    "departure_time": [
      17,
      385,
      471,
      549
    ],
    "cargo": [
      "C33",
      "C41",
      "C46",
      "C60",
      "C66"
    ],
    "node_cargo": {
      "1": {
        "in": [
          "C33",
          "C41",
          "C46",
          "C60",
          "C66"
        ],
        "out": []
      },
      "2": {
        "in": [],
        "out": [
          "C41",
          "C60",
          "C66"
        ]
      },
      "3": {
        "in": [],
        "out": [
          "C33"
        ]
      },
      "4": {
        "in": [],
        "out": [
          "C46"
        ]
      }
    }
  },
  "T14": {
    "dnode": "N5",
    "anode": "N29",
    "max_capacity": 10336,
    "max_worktime": 780,
    "use": 1,
    "node": [
      "N5",
      "N34",
      "N29"
    ],
    "arrival_time": [
      0,
      337,
      446
    ],
    "departure_time": [
      0,
      400,
      509
    ],
    "cargo": [
      "C32",
      "C35"
    ],
    "node_cargo": {
      "1": {
        "in": [
          "C32",
          "C35"
        ],
        "out": []
      },
      "2": {
        "in": [],
        "out": [
          "C32"
        ]
      },
      "3": {
        "in": [],
        "out": [
          "C35"
        ]
      }
    }
  },
  "T15": {
    "dnode": "N5",
    "anode": "N3",
    "max_capacity": 10919,
    "max_worktime": 780,
    "use": 1,
    "node": [
      "N5",
      "N43",
      "N3"
    ],
    "arrival_time": [
      27,
      388,
      507
    ],
    "departure_time": [
      27,
      455,
      571
    ],
    "cargo": [
      "C34",
      "C52"
    ],
    "node_cargo": {
      "1": {
        "in": [
          "C34",
          "C52"
        ],
        "out": []
      },
      "2": {
        "in": [],
        "out": [
          "C34"
        ]
      },
      "3": {
        "in": [],
        "out": [
          "C52"
        ]
      }
    }
  },
  "T16": {
    "dnode": "N5",
    "anode": "N22",
    "max_capacity": 10899,
    "max_worktime": 780,
    "use": 1,
    "node": [
      "N5",
      "N30",
      "N17",
      "N22"
    ],
    "arrival_time": [
      24,
      346,
      444,
      519
    ],
    "departure_time": [
      24,
      386,
      461,
      604
    ],
    "cargo": [
      "C6",
      "C22",
      "C55"
    ],
    "node_cargo": {
      "1": {
        "in": [
          "C6",
          "C22",
          "C55"
        ],
        "out": []
      },
      "2": {
        "in": [],
        "out": [
          "C22"
        ]
      },
      "3": {
        "in": [],
        "out": [
          "C55"
        ]
      },
      "4": {
        "in": [],
        "out": [
          "C6"
        ]
      }
    }
  },
  "T17": {
    "dnode": "N5",
    "anode": "N24",
    "max_capacity": 10490,
    "max_worktime": 780,
    "use": 1,
    "node": [
      "N5",
      "N30",
      "N13",
      "N24"
    ],
    "arrival_time": [
      5,
      327,
      444,
      547
    ],
    "departure_time": [
      5,
      370,
      493,
      595
    ],
    "cargo": [
      "C8",
      "C50",
      "C53",
      "C61"
    ],
    "node_cargo": {
      "1": {
        "in": [
          "C8",
          "C50",
          "C53",
          "C61"
        ],
        "out": []
      },
      "2": {
        "in": [],
        "out": [
          "C8"
        ]
      },
      "3": {
        "in": [],
        "out": [
          "C50"
        ]
      },
      "4": {
        "in": [],
        "out": [
          "C53",
          "C61"
        ]
      }
    }
  },
  "T18": {
    "dnode": "N5",
    "anode": "N12",
    "max_capacity": 10000,
    "max_worktime": 780,
    "use": 1,
    "node": [
      "N5",
      "N32",
      "N12"
    ],
    "arrival_time": [
      6,
      309,
      412
    ],
    "departure_time": [
      6,
      372,
      452
    ],
    "cargo": [
      "C18",
      "C23",
      "C64"
    ],
    "node_cargo": {
      "1": {
        "in": [
          "C18",
          "C23",
          "C64"
        ],
        "out": []
      },
      "2": {
        "in": [],
        "out": [
          "C18",
          "C64"
        ]
      },
      "3": {
        "in": [],
        "out": [
          "C23"
        ]
      }
    }
  },
  "T19": {
    "dnode": "N5",
    "anode": "N41",
    "max_capacity": 10000,
    "max_worktime": 780,
    "use": 1,
    "node": [
      "N5",
      "N44",
      "N39",
      "N41"
    ],
    "arrival_time": [
      11,
      264,
      396,
      492
    ],
    "departure_time": [
      11,
      298,
      429,
      555
    ],
    "cargo": [
      "C20",
      "C42",
      "C48",
      "C59",
      "C67"
    ],
    "node_cargo": {
      "1": {
        "in": [
          "C20",
          "C42",
          "C48",
          "C59",
          "C67"
        ],
        "out": []
      },
      "2": {
        "in": [],
        "out": [
          "C59"
        ]
      },
      "3": {
        "in": [],
        "out": [
          "C48"
        ]
      },
      "4": {
        "in": [],
        "out": [
          "C20",
          "C42",
          "C67"
        ]
      }
    }
  },
  "T20": {
    "dnode": "N5",
    "anode": "N49",
    "max_capacity": 10000,
    "max_worktime": 780,
    "use": 1,
    "node": [
      "N5",
      "N38",
      "N37",
      "N46",
      "N47",
      "N49"
    ],
    "arrival_time": [
      3,
      369,
      466,
      537,
      581,
      652
    ],
    "departure_time": [
      3,
      414,
      511,
      550,
      595,
      672
    ],
    "cargo": [
      "C40",
      "C43",
      "C56",
      "C57",
      "C58",
      "C62",
      "C63"
    ],
    "node_cargo": {
      "1": {
        "in": [
          "C40",
          "C43",
          "C56",
          "C57",
          "C58",
          "C62",
          "C63"
        ],
        "out": []
      },
      "2": {
        "in": [],
        "out": [
          "C40",
          "C57",
          "C58"
        ]
      },
      "3": {
        "in": [],
        "out": [
          "C43"
        ]
      },
      "4": {
        "in": [],
        "out": [
          "C63"
        ]
      },
      "5": {
        "in": [],
        "out": [
          "C62"
        ]
      },
      "6": {
        "in": [],
        "out": [
          "C56"
        ]
      }
    }
  },
  "T21": {
    "dnode": "N5",
    "anode": "N20",
    "max_capacity": 10000,
    "max_worktime": 780,
    "use": 1,
    "node": [
      "N5",
      "N51",
      "N20"
    ],
    "arrival_time": [
      30,
      304,
      412
    ],
    "departure_time": [
      30,
      370,
      437
    ],
    "cargo": [
      "C37",
      "C38"
    ],
    "node_cargo": {
      "1": {
        "in": [
          "C37",
          "C38"
        ],
        "out": []
      },
      "2": {
        "in": [],
        "out": [
          "C38"
        ]
      },
      "3": {
        "in": [],
        "out": [
          "C37"
        ]
      }
    }
  }
}