{
  "C1": {
    "size": 2718,
    "lb_time": 360,
    "ub_time": 873,
    "dnode": "N3",
    "anode": "N5",
    "use": 1,
    "node": [
      "N3",
      "N5"
    ],
    "truck": [
      "T15"
    ],
    "nb_route": [
      [
        2,
        3
      ]
    ],
    "arrival_time": [
      322,
      399
    ],
    "departure_time": [
      365,
      442
    ]
  },
  "C2": {
    "size": 2749,
    "lb_time": 375,
    "ub_time": 873,
    "dnode": "N35",
    "anode": "N6",
    "use": 1,
    "node": [
      "N35",
      "N11",
      "N6"
    ],
    "truck": [
      "T11",
      "T11"
    ],
    "nb_route": [
      [
        3,
        4
      ],
      [
        4,
        5
      ]
    ],
    "arrival_time": [
      345,
      549,
      137
    ],
    "departure_time": [
      405,
      592,
      137
    ]
  },
  "C3": {
    "size": 3068,
    "lb_time": 375,
    "ub_time": 873,
    "dnode": "N35",
    "anode": "N11",
    "use": 1,
    "node": [
      "N35",
      "N11"
    ],
    "truck": [
      "T11"
    ],
    "nb_route": [
      [
        3,
        4
      ]
    ],
    "arrival_time": [
      345,
      549
    ],
    "departure_time": [
      405,
      592
    ]
  },
  "C4": {
    "size": 358,
    "lb_time": 394,
    "ub_time": 873,
    "dnode": "N8",
    "anode": "N6",
    "use": 1,
    "node": [
      "N8",
      "N6"
    ],
    "truck": [
      "T19"
    ],
    "nb_route": [
      [
        3,
        4
      ]
    ],
    "arrival_time": [
      435,
      65
    ],
    "departure_time": [
      456,
      65
    ]
  },
  "C5": {
    "size": 277,
    "lb_time": 399,
    "ub_time": 873,
    "dnode": "N8",
    "anode": "N6",
    "use": 1,
    "node": [
      "N8",
      "N6"
    ],
    "truck": [
      "T19"
    ],
    "nb_route": [
      [
        3,
        4
      ]
    ],
    "arrival_time": [
      435,
      65
    ],
    "departure_time": [
      456,
      65
    ]
  },
  "C6": {
    "size": 222,
    "lb_time": 383,
    "ub_time": 873,
    "dnode": "N44",
    "anode": "N43",
    "use": 1,
    "node": [
      "N44",
      "N43"
    ],
    "truck": [
      "T18"
    ],
    "nb_route": [
      [
        3,
        4
      ]
    ],
    "arrival_time": [
      380,
      472
    ],
    "departure_time": [
      420,
      533
    ]
  },
  "C7": {
    "size": 241,
    "lb_time": 142,
    "ub_time": 873,
    "dnode": "N6",
    "anode": "N11",
    "use": 1,
    "node": [
      "N6",
      "N11"
    ],
    "truck": [
      "T10"
    ],
    "nb_route": [
      [
        3,
        4
      ]
    ],
    "arrival_time": [
      142,
      557
    ],
    "departure_time": [
      142,
      595
    ]
  },
  "C8": {
    "size": 540,
    "lb_time": 260,
    "ub_time": 873,
    "dnode": "N44",
    "anode": "N43",
    "use": 1,
    "node": [
      "N44",
      "N43"
    ],
    "truck": [
      "T18"
    ],
    "nb_route": [
      [
        3,
        4
      ]
    ],
    "arrival_time": [
      380,
      472
    ],
    "departure_time": [
      420,
      533
    ]
  },
  "C9": {
    "size": 1229,
    "lb_time": 210,
    "ub_time": 873,
    "dnode": "N34",
    "anode": "N25",
    "use": 1,
    "node": [
      "N34",
      "N25"
    ],
    "truck": [
      "T2"
    ],
    "nb_route": [
      [
        3,
        4
      ]
    ],
    "arrival_time": [
      278,
      254
    ],
    "departure_time": [
      339,
      275
    ]
  },
  "C10": {
    "size": 1407,
    "lb_time": 212,
    "ub_time": 873,
    "dnode": "N9",
    "anode": "N11",
    "use": 1,
    "node": [
      "N9",
      "N6",
      "N11"
    ],
    "truck": [
      "T10",
      "T10"
    ],
    "nb_route": [
      [
        2,
        3
      ],
      [
        3,
        4
      ]
    ],
    "arrival_time": [
      251,
      142,
      557
    ],
    "departure_time": [
      358,
      142,
      595
    ]
  },
  "C11": {
    "size": 100,
    "lb_time": 643,
    "ub_time": 2313,
    "dnode": "N47",
    "anode": "N24",
    "use": 1,
    "node": [
      "N47",
      "N24"
    ],
    "truck": [
      "T17"
    ],
    "nb_route": [
      [
        4,
        5
      ]
    ],
    "arrival_time": [
      593,
      711
    ],
    "departure_time": [
      655,
      767
    ]
  },
  "C12": {
    "size": 260,
    "lb_time": 617,
    "ub_time": 873,
    "dnode": "N47",
    "anode": "N24",
    "use": 1,
    "node": [
      "N47",
      "N24"
    ],
    "truck": [
      "T17"
    ],
    "nb_route": [
      [
        4,
        5
      ]
    ],
    "arrival_time": [
      593,
      711
    ],
    "departure_time": [
      655,
      767
    ]
  },
  "C13": {
    "size": 1327,
    "lb_time": 243,
    "ub_time": 873,
    "dnode": "N2",
    "anode": "N6",
    "use": 1,
    "node": [
      "N2",
      "N6"
    ],
    "truck": [
      "T12"
    ],
    "nb_route": [
      [
        3,
        4
      ]
    ],
    "arrival_time": [
      315,
      129
    ],
    "departure_time": [
      369,
      129
    ]
  },
  "C14": {
    "size": 577,
    "lb_time": 272,
    "ub_time": 873,
    "dnode": "N34",
    "anode": "N6",
    "use": 1,
    "node": [
      "N34",
      "N25",
      "N11",
      "N6"
    ],
    "truck": [
      "T2",
      "T2",
      "T2"
    ],
    "nb_route": [
      [
        3,
        4
      ],
      [
        4,
        5
      ],
      [
        5,
        6
      ]
    ],
    "arrival_time": [
      278,
      254,
      472,
      112
    ],
    "departure_time": [
      339,
      275,
      490,
      112
    ]
  },
  "C15": {
    "size": 222,
    "lb_time": 647,
    "ub_time": 873,
    "dnode": "N47",
    "anode": "N24",
    "use": 1,
    "node": [
      "N47",
      "N24"
    ],
    "truck": [
      "T17"
    ],
    "nb_route": [
      [
        4,
        5
      ]
    ],
    "arrival_time": [
      593,
      711
    ],
    "departure_time": [
      655,
      767
    ]
  },
  "C16": {
    "size": 579,
    "lb_time": 272,
    "ub_time": 873,
    "dnode": "N34",
    "anode": "N11",
    "use": 1,
    "node": [
      "N34",
      "N25",
      "N11"
    ],
    "truck": [
      "T2",
      "T2"
    ],
    "nb_route": [
      [
        3,
        4
      ],
      [
        4,
        5
      ]
    ],
    "arrival_time": [
      278,
      254,
      472
    ],
    "departure_time": [
      339,
      275,
      490
    ]
  },
  "C17": {
    "size": 5685,
    "lb_time": 147,
    "ub_time": 873,
    "dnode": "N6",
    "anode": "N37",
    "use": 1,
    "node": [
      "N6",
      "N26",
      "N37"
    ],
    "truck": [
      "T9",
      "T9"
    ],
    "nb_route": [
      [
        1,
        2
      ],
      [
        2,
        3
      ]
    ],
    "arrival_time": [
      175,
      268,
      399
    ],
    "departure_time": [
      175,
      286,
      455
    ]
  },
  "C18": {
    "size": 3140,
    "lb_time": 134,
    "ub_time": 873,
    "dnode": "N6",
    "anode": "N48",
    "use": 1,
    "node": [
      "N6",
      "N40",
      "N48"
    ],
    "truck": [
      "T7",
      "T7"
    ],
    "nb_route": [
      [
        1,
        2
      ],
      [
        2,
        3
      ]
    ],
    "arrival_time": [
      134,
      306,
      356
    ],
    "departure_time": [
      134,
      320,
      383
    ]
  },
  "C19": {
    "size": 4924,
    "lb_time": 137,
    "ub_time": 873,
    "dnode": "N6",
    "anode": "N13",
    "use": 1,
    "node": [
      "N6",
      "N13"
    ],
    "truck": [
      "T6"
    ],
    "nb_route": [
      [
        1,
        2
      ]
    ],
    "arrival_time": [
      137,
      268
    ],
    "departure_time": [
      137,
      344
    ]
  },
  "C20": {
    "size": 2742,
    "lb_time": 142,
    "ub_time": 873,
    "dnode": "N6",
    "anode": "N15",
    "use": 1,
    "node": [
      "N6",
      "N38",
      "N15"
    ],
    "truck": [
      "T5",
      "T5"
    ],
    "nb_route": [
      [
        1,
        2
      ],
      [
        2,
        3
      ]
    ],
    "arrival_time": [
      142,
      293,
      350
    ],
    "departure_time": [
      142,
      321,
      386
    ]
  },
  "C21": {
    "size": 4532,
    "lb_time": 134,
    "ub_time": 873,
    "dnode": "N6",
    "anode": "N19",
    "use": 1,
    "node": [
      "N6",
      "N3",
      "N5",
      "N19"
    ],
    "truck": [
      "T15",
      "T15",
      "T15"
    ],
    "nb_route": [
      [
        1,
        2
      ],
      [
        2,
        3
      ],
      [
        3,
        4
      ]
    ],
    "arrival_time": [
      134,
      322,
      399,
      525
    ],
    "departure_time": [
      134,
      365,
      442,
      563
    ]
  },
  "C22": {
    "size": 446,
    "lb_time": 137,
    "ub_time": 873,
    "dnode": "N6",
    "anode": "N31",
    "use": 1,
    "node": [
      "N6",
      "N23",
      "N31"
    ],
    "truck": [
      "T3",
      "T3"
    ],
    "nb_route": [
      [
        1,
        2
      ],
      [
        2,
        3
      ]
    ],
    "arrival_time": [
      137,
      287,
      330
    ],
    "departure_time": [
      137,
      302,
      340
    ]
  },
  "C23": {
    "size": 675,
    "lb_time": 375,
    "ub_time": 614,
    "dnode": "N35",
    "anode": "N11",
    "use": 1,
    "node": [
      "N35",
      "N11"
    ],
    "truck": [
      "T11"
    ],
    "nb_route": [
      [
        3,
        4
      ]
    ],
    "arrival_time": [
      345,
      549
    ],
    "departure_time": [
      405,
      592
    ]
  },
  "C24": {
    "size": 1001,
    "lb_time": 136,
    "ub_time": 873,
    "dnode": "N6",
    "anode": "N12",
    "use": 1,
    "node": [
      "N6",
      "N10",
      "N22",
      "N12"
    ],
    "truck": [
      "T1",
      "T1",
      "T1"
    ],
    "nb_route": [
      [
        1,
        2
      ],
      [
        2,
        3
      ],
      [
        3,
        4
      ]
    ],
    "arrival_time": [
      136,
      264,
      343,
      377
    ],
    "departure_time": [
      136,
      281,
      354,
      391
    ]
  },
  "C25": {
    "size": 340,
    "lb_time": 643,
    "ub_time": 873,
    "dnode": "N47",
    "anode": "N24",
    "use": 1,
    "node": [
      "N47",
      "N24"
    ],
    "truck": [
      "T17"
    ],
    "nb_route": [
      [
        4,
        5
      ]
    ],
    "arrival_time": [
      593,
      711
    ],
    "departure_time": [
      655,
      767
    ]
  },
  "C26": {
    "size": 1262,
    "lb_time": 139,
    "ub_time": 873,
    "dnode": "N6",
    "anode": "N1",
    "use": 1,
    "node": [
      "N6",
      "N46",
      "N1"
    ],
    "truck": [
      "T4",
      "T4"
    ],
    "nb_route": [
      [
        1,
        2
      ],
      [
        2,
        3
      ]
    ],
    "arrival_time": [
      139,
      296,
      378
    ],
    "departure_time": [
      139,
      318,
      393
    ]
  },
  "C27": {
    "size": 4543,
    "lb_time": 146,
    "ub_time": 873,
    "dnode": "N6",
    "anode": "N49",
    "use": 1,
    "node": [
      "N6",
      "N14",
      "N49"
    ],
    "truck": [
      "T13",
      "T13"
    ],
    "nb_route": [
      [
        1,
        2
      ],
      [
        2,
        3
      ]
    ],
    "arrival_time": [
      230,
      363,
      454
    ],
    "departure_time": [
      230,
      376,
      513
    ]
  },
  "C28": {
    "size": 2470,
    "lb_time": 138,
    "ub_time": 873,
    "dnode": "N6",
    "anode": "N29",
    "use": 1,
    "node": [
      "N6",
      "N41",
      "N29"
    ],
    "truck": [
      "T8",
      "T8"
    ],
    "nb_route": [
      [
        1,
        2
      ],
      [
        2,
        3
      ]
    ],
    "arrival_time": [
      138,
      286,
      324
    ],
    "departure_time": [
      138,
      298,
      347
    ]
  },
  "C29": {
    "size": 1557,
    "lb_time": 143,
    "ub_time": 457,
    "dnode": "N6",
    "anode": "N50",
    "use": 1,
    "node": [
      "N6",
      "N50"
    ],
    "truck": [
      "T17"
    ],
    "nb_route": [
      [
        1,
        2
      ]
    ],
    "arrival_time": [
      143,
      409
    ],
    "departure_time": [
      143,
      438
    ]
  },
  "C30": {
    "size": 159,
    "lb_time": 452,
    "ub_time": 873,
    "dnode": "N11",
    "anode": "N6",
    "use": 1,
    "node": [
      "N11",
      "N6"
    ],
    "truck": [
      "T2"
    ],
    "nb_route": [
      [
        5,
        6
      ]
    ],
    "arrival_time": [
      472,
      112
    ],
    "departure_time": [
      490,
      112
    ]
  },
  "C31": {
    "size": 1177,
    "lb_time": 143,
    "ub_time": 873,
    "dnode": "N6",
    "anode": "N50",
    "use": 1,
    "node": [
      "N6",
      "N50"
    ],
    "truck": [
      "T17"
    ],
    "nb_route": [
      [
        1,
        2
      ]
    ],
    "arrival_time": [
      143,
      409
    ],
    "departure_time": [
      143,
      438
    ]
  },
  "C32": {
    "size": 1852,
    "lb_time": 145,
    "ub_time": 873,
    "dnode": "N6",
    "anode": "N20",
    "use": 1,
    "node": [
      "N6",
      "N36",
      "N30",
      "N20"
    ],
    "truck": [
      "T16",
      "T16",
      "T16"
    ],
    "nb_route": [
      [
        1,
        2
      ],
      [
        2,
        3
      ],
      [
        3,
        4
      ]
    ],
    "arrival_time": [
      145,
      315,
      390,
      437
    ],
    "departure_time": [
      145,
      331,
      404,
      456
    ]
  },
  "C33": {
    "size": 6076,
    "lb_time": 129,
    "ub_time": 873,
    "dnode": "N6",
    "anode": "N2",
    "use": 1,
    "node": [
      "N6",
      "N18",
      "N2"
    ],
    "truck": [
      "T12",
      "T12"
    ],
    "nb_route": [
      [
        1,
        2
      ],
      [
        2,
        3
      ]
    ],
    "arrival_time": [
      129,
      248,
      315
    ],
    "departure_time": [
      129,
      271,
      369
    ]
  },
  "C34": {
    "size": 1494,
    "lb_time": 259,
    "ub_time": 873,
    "dnode": "N49",
    "anode": "N6",
    "use": 1,
    "node": [
      "N49",
      "N6"
    ],
    "truck": [
      "T13"
    ],
    "nb_route": [
      [
        3,
        4
      ]
    ],
    "arrival_time": [
      454,
      230
    ],
    "departure_time": [
      513,
      230
    ]
  },
  "C35": {
    "size": 1229,
    "lb_time": 331,
    "ub_time": 873,
    "dnode": "N46",
    "anode": "N6",
    "use": 1,
    "node": [
      "N46",
      "N33",
      "N6"
    ],
    "truck": [
      "T3",
      "T3"
    ],
    "nb_route": [
      [
        4,
        5
      ],
      [
        5,
        6
      ]
    ],
    "arrival_time": [
      380,
      415,
      137
    ],
    "departure_time": [
      403,
      443,
      137
    ]
  },
  "C36": {
    "size": 863,
    "lb_time": 324,
    "ub_time": 873,
    "dnode": "N16",
    "anode": "N17",
    "use": 1,
    "node": [
      "N16",
      "N17"
    ],
    "truck": [
      "T14"
    ],
    "nb_route": [
      [
        3,
        4
      ]
    ],
    "arrival_time": [
      628,
      750
    ],
    "departure_time": [
      686,
      804
    ]
  },
  "C37": {
    "size": 354,
    "lb_time": 322,
    "ub_time": 873,
    "dnode": "N44",
    "anode": "N43",
    "use": 1,
    "node": [
      "N44",
      "N43"
    ],
    "truck": [
      "T18"
    ],
    "nb_route": [
      [
        3,
        4
      ]
    ],
    "arrival_time": [
      380,
      472
    ],
    "departure_time": [
      420,
      533
    ]
  },
  "C38": {
    "size": 1006,
    "lb_time": 142,
    "ub_time": 873,
    "dnode": "N6",
    "anode": "N9",
    "use": 1,
    "node": [
      "N6",
      "N9"
    ],
    "truck": [
      "T10"
    ],
    "nb_route": [
      [
        1,
        2
      ]
    ],
    "arrival_time": [
      142,
      251
    ],
    "departure_time": [
      142,
      358
    ]
  },
  "C39": {
    "size": 2203,
    "lb_time": 142,
    "ub_time": 327,
    "dnode": "N6",
    "anode": "N9",
    "use": 1,
    "node": [
      "N6",
      "N9"
    ],
    "truck": [
      "T10"
    ],
    "nb_route": [
      [
        1,
        2
      ]
    ],
    "arrival_time": [
      142,
      251
    ],
    "departure_time": [
      142,
      358
    ]
  },
  "C40": {
    "size": 619,
    "lb_time": 142,
    "ub_time": 381,
    "dnode": "N6",
    "anode": "N9",
    "use": 1,
    "node": [
      "N6",
      "N9"
    ],
    "truck": [
      "T10"
    ],
    "nb_route": [
      [
        1,
        2
      ]
    ],
    "arrival_time": [
      142,
      251
    ],
    "departure_time": [
      142,
      358
    ]
  },
  "C41": {
    "size": 790,
    "lb_time": 319,
    "ub_time": 614,
    "dnode": "N13",
    "anode": "N11",
    "use": 1,
    "node": [
      "N13",
      "N26",
      "N11"
    ],
    "truck": [
      "T6",
      "T6"
    ],
    "nb_route": [
      [
        2,
        3
      ],
      [
        3,
        4
      ]
    ],
    "arrival_time": [
      268,
      406,
      481
    ],
    "departure_time": [
      344,
      421,
      506
    ]
  },
  "C42": {
    "size": 1799,
    "lb_time": 212,
    "ub_time": 873,
    "dnode": "N9",
    "anode": "N6",
    "use": 1,
    "node": [
      "N9",
      "N6"
    ],
    "truck": [
      "T10"
    ],
    "nb_route": [
      [
        2,
        3
      ]
    ],
    "arrival_time": [
      251,
      142
    ],
    "departure_time": [
      358,
      142
    ]
  },
  "C43": {
    "size": 1286,
    "lb_time": 319,
    "ub_time": 873,
    "dnode": "N13",
    "anode": "N26",
    "use": 1,
    "node": [
      "N13",
      "N26"
    ],
    "truck": [
      "T6"
    ],
    "nb_route": [
      [
        2,
        3
      ]
    ],
    "arrival_time": [
      268,
      406
    ],
    "departure_time": [
      344,
      421
    ]
  },
  "C44": {
    "size": 2108,
    "lb_time": 319,
    "ub_time": 873,
    "dnode": "N13",
    "anode": "N11",
    "use": 1,
    "node": [
      "N13",
      "N26",
      "N11"
    ],
    "truck": [
      "T6",
      "T6"
    ],
    "nb_route": [
      [
        2,
        3
      ],
      [
        3,
        4
      ]
    ],
    "arrival_time": [
      268,
      406,
      481
    ],
    "departure_time": [
      344,
      421,
      506
    ]
  },
  "C45": {
    "size": 638,
    "lb_time": 306,
    "ub_time": 873,
    "dnode": "N16",
    "anode": "N17",
    "use": 1,
    "node": [
      "N16",
      "N17"
    ],
    "truck": [
      "T14"
    ],
    "nb_route": [
      [
        3,
        4
      ]
    ],
    "arrival_time": [
      628,
      750
    ],
    "departure_time": [
      686,
      804
    ]
  },
  "C46": {
    "size": 32,
    "lb_time": 637,
    "ub_time": 873,
    "dnode": "N47",
    "anode": "N24",
    "use": 1,
    "node": [
      "N47",
      "N24"
    ],
    "truck": [
      "T17"
    ],
    "nb_route": [
      [
        4,
        5
      ]
    ],
    "arrival_time": [
      593,
      711
    ],
    "departure_time": [
      655,
      767
    ]
  },
  "C47": {
    "size": 351,
    "lb_time": 655,
    "ub_time": 873,
    "dnode": "N47",
    "anode": "N24",
    "use": 1,
    "node": [
      "N47",
      "N24"
    ],
    "truck": [
      "T17"
    ],
    "nb_route": [
      [
        4,
        5
      ]
    ],
    "arrival_time": [
      593,
      711
    ],
    "departure_time": [
      655,
      767
    ]
  },
  "C48": {
    "size": 346,
    "lb_time": 201,
    "ub_time": 873,
    "dnode": "N9",
    "anode": "N6",
    "use": 1,
    "node": [
      "N9",
      "N6"
    ],
    "truck": [
      "T10"
    ],
    "nb_route": [
      [
        2,
        3
      ]
    ],
    "arrival_time": [
      251,
      142
    ],
    "departure_time": [
      358,
      142
    ]
  },
  "C49": {
    "size": 1985,
    "lb_time": 207,
    "ub_time": 873,
    "dnode": "N9",
    "anode": "N6",
    "use": 1,
    "node": [
      "N9",
      "N6"
    ],
    "truck": [
      "T10"
    ],
    "nb_route": [
      [
        2,
        3
      ]
    ],
    "arrival_time": [
      251,
      142
    ],
    "departure_time": [
      358,
      142
    ]
  },
  "C50": {
    "size": 378,
    "lb_time": 350,
    "ub_time": 873,
    "dnode": "N9",
    "anode": "N6",
    "use": 1,
    "node": [
      "N9",
      "N6"
    ],
    "truck": [
      "T10"
    ],
    "nb_route": [
      [
        2,
        3
      ]
    ],
    "arrival_time": [
      251,
      142
    ],
    "departure_time": [
      358,
      142
    ]
  },
  "C51": {
    "size": 1555,
    "lb_time": 645,
    "ub_time": 873,
    "dnode": "N16",
    "anode": "N17",
    "use": 1,
    "node": [
      "N16",
      "N17"
    ],
    "truck": [
      "T14"
    ],
    "nb_route": [
      [
        3,
        4
      ]
    ],
    "arrival_time": [
      628,
      750
    ],
    "departure_time": [
      686,
      804
    ]
  },
  "C52": {
    "size": 55,
    "lb_time": 212,
    "ub_time": 772,
    "dnode": "N9",
    "anode": "N11",
    "use": 1,
    "node": [
      "N9",
      "N6",
      "N11"
    ],
    "truck": [
      "T10",
      "T10"
    ],
    "nb_route": [
      [
        2,
        3
      ],
      [
        3,
        4
      ]
    ],
    "arrival_time": [
      251,
      142,
      557
    ],
    "departure_time": [
      358,
      142,
      595
    ]
  },
  "C53": {
    "size": 996,
    "lb_time": 406,
    "ub_time": 873,
    "dnode": "N8",
    "anode": "N6",
    "use": 1,
    "node": [
      "N8",
      "N6"
    ],
    "truck": [
      "T19"
    ],
    "nb_route": [
      [
        3,
        4
      ]
    ],
    "arrival_time": [
      435,
      65
    ],
    "departure_time": [
      456,
      65
    ]
  },
  "C54": {
    "size": 60,
    "lb_time": 272,
    "ub_time": 614,
    "dnode": "N34",
    "anode": "N11",
    "use": 1,
    "node": [
      "N34",
      "N25",
      "N11"
    ],
    "truck": [
      "T2",
      "T2"
    ],
    "nb_route": [
      [
        3,
        4
      ],
      [
        4,
        5
      ]
    ],
    "arrival_time": [
      278,
      254,
      472
    ],
    "departure_time": [
      339,
      275,
      490
    ]
  },
  "C55": {
    "size": 3368,
    "lb_time": 137,
    "ub_time": 873,
    "dnode": "N6",
    "anode": "N33",
    "use": 1,
    "node": [
      "N6",
      "N23",
      "N31",
      "N46",
      "N33"
    ],
    "truck": [
      "T3",
      "T3",
      "T3",
      "T3"
    ],
    "nb_route": [
      [
        1,
        2
      ],
      [
        2,
        3
      ],
      [
        3,
        4
      ],
      [
        4,
        5
      ]
    ],
    "arrival_time": [
      137,
      287,
      330,
      380,
      415
    ],
    "departure_time": [
      137,
      302,
      340,
      403,
      443
    ]
  },
  "C56": {
    "size": 2192,
    "lb_time": 513,
    "ub_time": 2313,
    "dnode": "N49",
    "anode": "N6",
    "use": 1,
    "node": [
      "N49",
      "N6"
    ],
    "truck": [
      "T13"
    ],
    "nb_route": [
      [
        3,
        4
      ]
    ],
    "arrival_time": [
      454,
      230
    ],
    "departure_time": [
      513,
      230
    ]
  },
  "C57": {
    "size": 2303,
    "lb_time": 145,
    "ub_time": 873,
    "dnode": "N6",
    "anode": "N45",
    "use": 1,
    "node": [
      "N6",
      "N36",
      "N30",
      "N20",
      "N21",
      "N45"
    ],
    "truck": [
      "T16",
      "T16",
      "T16",
      "T16",
      "T16"
    ],
    "nb_route": [
      [
        1,
        2
      ],
      [
        2,
        3
      ],
      [
        3,
        4
      ],
      [
        4,
        5
      ],
      [
        5,
        6
      ]
    ],
    "arrival_time": [
      145,
      315,
      390,
      437,
      504,
      555
    ],
    "departure_time": [
      145,
      331,
      404,
      456,
      514,
      577
    ]
  },
  "C58": {
    "size": 1938,
    "lb_time": 375,
    "ub_time": 873,
    "dnode": "N15",
    "anode": "N6",
    "use": 1,
    "node": [
      "N15",
      "N6"
    ],
    "truck": [
      "T5"
    ],
    "nb_route": [
      [
        3,
        4
      ]
    ],
    "arrival_time": [
      350,
      142
    ],
    "departure_time": [
      386,
      142
    ]
  },
  "C59": {
    "size": 1191,
    "lb_time": 319,
    "ub_time": 873,
    "dnode": "N13",
    "anode": "N6",
    "use": 1,
    "node": [
      "N13",
      "N26",
      "N11",
      "N6"
    ],
    "truck": [
      "T6",
      "T6",
      "T6"
    ],
    "nb_route": [
      [
        2,
        3
      ],
      [
        3,
        4
      ],
      [
        4,
        5
      ]
    ],
    "arrival_time": [
      268,
      406,
      481,
      137
    ],
    "departure_time": [
      344,
      421,
      506,
      137
    ]
  },
  "C60": {
    "size": 724,
    "lb_time": 250,
    "ub_time": 873,
    "dnode": "N16",
    "anode": "N17",
    "use": 1,
    "node": [
      "N16",
      "N17"
    ],
    "truck": [
      "T14"
    ],
    "nb_route": [
      [
        3,
        4
      ]
    ],
    "arrival_time": [
      628,
      750
    ],
    "departure_time": [
      686,
      804
    ]
  },
  "C61": {
    "size": 921,
    "lb_time": 65,
    "ub_time": 410,
    "dnode": "N6",
    "anode": "N7",
    "use": 1,
    "node": [
      "N6",
      "N7"
    ],
    "truck": [
      "T19"
    ],
    "nb_route": [
      [
        1,
        2
      ]
    ],
    "arrival_time": [
      65,
      286
    ],
    "departure_time": [
      65,
      341
    ]
  },
  "C62": {
    "size": 1373,
    "lb_time": 65,
    "ub_time": 402,
    "dnode": "N6",
    "anode": "N7",
    "use": 1,
    "node": [
      "N6",
      "N7"
    ],
    "truck": [
      "T19"
    ],
    "nb_route": [
      [
        1,
        2
      ]
    ],
    "arrival_time": [
      65,
      286
    ],
    "departure_time": [
      65,
      341
    ]
  },
  "C63": {
    "size": 823,
    "lb_time": 151,
    "ub_time": 873,
    "dnode": "N6",
    "anode": "N27",
    "use": 1,
    "node": [
      "N6",
      "N27"
    ],
    "truck": [
      "T14"
    ],
    "nb_route": [
      [
        1,
        2
      ]
    ],
    "arrival_time": [
      401,
      538
    ],
    "departure_time": [
      401,
      551
    ]
  },
  "C64": {
    "size": 535,
    "lb_time": 136,
    "ub_time": 873,
    "dnode": "N6",
    "anode": "N22",
    "use": 1,
    "node": [
      "N6",
      "N10",
      "N22"
    ],
    "truck": [
      "T1",
      "T1"
    ],
    "nb_route": [
      [
        1,
        2
      ],
      [
        2,
        3
      ]
    ],
    "arrival_time": [
      136,
      264,
      343
    ],
    "departure_time": [
      136,
      281,
      354
    ]
  },
  "C65": {
    "size": 3210,
    "lb_time": 151,
    "ub_time": 873,
    "dnode": "N6",
    "anode": "N16",
    "use": 1,
    "node": [
      "N6",
      "N27",
      "N16"
    ],
    "truck": [
      "T14",
      "T14"
    ],
    "nb_route": [
      [
        1,
        2
      ],
      [
        2,
        3
      ]
    ],
    "arrival_time": [
      401,
      538,
      628
    ],
    "departure_time": [
      401,
      551,
      686
    ]
  },
  "C66": {
    "size": 2586,
    "lb_time": 0,
    "ub_time": 873,
    "dnode": "N6",
    "anode": "N34",
    "use": 1,
    "node": [
      "N6",
      "N25",
      "N34"
    ],
    "truck": [
      "T2",
      "T2"
    ],
    "nb_route": [
      [
        1,
        2
      ],
      [
        2,
        3
      ]
    ],
    "arrival_time": [
      112,
      254,
      278
    ],
    "departure_time": [
      112,
      275,
      339
    ]
  },
  "C67": {
    "size": 2892,
    "lb_time": 142,
    "ub_time": 873,
    "dnode": "N6",
    "anode": "N38",
    "use": 1,
    "node": [
      "N6",
      "N38"
    ],
    "truck": [
      "T5"
    ],
    "nb_route": [
      [
        1,
        2
      ]
    ],
    "arrival_time": [
      142,
      293
    ],
    "departure_time": [
      142,
      321
    ]
  },
  "C68": {
    "size": 1067,
    "lb_time": 0,
    "ub_time": 281,
    "dnode": "N6",
    "anode": "N34",
    "use": 1,
    "node": [
      "N6",
      "N25",
      "N34"
    ],
    "truck": [
      "T2",
      "T2"
    ],
    "nb_route": [
      [
        1,
        2
      ],
      [
        2,
        3
      ]
    ],
    "arrival_time": [
      112,
      254,
      278
    ],
    "departure_time": [
      112,
      275,
      339
    ]
  },
  "C69": {
    "size": 1549,
    "lb_time": 136,
    "ub_time": 873,
    "dnode": "N6",
    "anode": "N32",
    "use": 1,
    "node": [
      "N6",
      "N32"
    ],
    "truck": [
      "T18"
    ],
    "nb_route": [
      [
        1,
        2
      ]
    ],
    "arrival_time": [
      136,
      311
    ],
    "departure_time": [
      136,
      328
    ]
  },
  "C70": {
    "size": 1041,
    "lb_time": 134,
    "ub_time": 873,
    "dnode": "N6",
    "anode": "N40",
    "use": 1,
    "node": [
      "N6",
      "N40"
    ],
    "truck": [
      "T7"
    ],
    "nb_route": [
      [
        1,
        2
      ]
    ],
    "arrival_time": [
      134,
      306
    ],
    "departure_time": [
      134,
      320
    ]
  },
  "C71": {
    "size": 961,
    "lb_time": 137,
    "ub_time": 873,
    "dnode": "N6",
    "anode": "N42",
    "use": 1,
    "node": [
      "N6",
      "N42"
    ],
    "truck": [
      "T11"
    ],
    "nb_route": [
      [
        1,
        2
      ]
    ],
    "arrival_time": [
      137,
      292
    ],
    "departure_time": [
      137,
      305
    ]
  },
  "C72": {
    "size": 248,
    "lb_time": 137,
    "ub_time": 332,
    "dnode": "N6",
    "anode": "N13",
    "use": 1,
    "node": [
      "N6",
      "N13"
    ],
    "truck": [
      "T6"
    ],
    "nb_route": [
      [
        1,
        2
      ]
    ],
    "arrival_time": [
      137,
      268
    ],
    "departure_time": [
      137,
      344
    ]
  },
  "C73": {
    "size": 2390,
    "lb_time": 136,
    "ub_time": 873,
    "dnode": "N6",
    "anode": "N43",
    "use": 1,
    "node": [
      "N6",
      "N32",
      "N44",
      "N43"
    ],
    "truck": [
      "T18",
      "T18",
      "T18"
    ],
    "nb_route": [
      [
        1,
        2
      ],
      [
        2,
        3
      ],
      [
        3,
        4
      ]
    ],
    "arrival_time": [
      136,
      311,
      380,
      472
    ],
    "departure_time": [
      136,
      328,
      420,
      533
    ]
  },
  "C74": {
    "size": 1865,
    "lb_time": 65,
    "ub_time": 385,
    "dnode": "N6",
    "anode": "N7",
    "use": 1,
    "node": [
      "N6",
      "N7"
    ],
    "truck": [
      "T19"
    ],
    "nb_route": [
      [
        1,
        2
      ]
    ],
    "arrival_time": [
      65,
      286
    ],
    "departure_time": [
      65,
      341
    ]
  },
  "C75": {
    "size": 1746,
    "lb_time": 137,
    "ub_time": 873,
    "dnode": "N6",
    "anode": "N35",
    "use": 1,
    "node": [
      "N6",
      "N42",
      "N35"
    ],
    "truck": [
      "T11",
      "T11"
    ],
    "nb_route": [
      [
        1,
        2
      ],
      [
        2,
        3
      ]
    ],
    "arrival_time": [
      137,
      292,
      345
    ],
    "departure_time": [
      137,
      305,
      405
    ]
  },
  "C76": {
    "size": 1432,
    "lb_time": 145,
    "ub_time": 873,
    "dnode": "N6",
    "anode": "N36",
    "use": 1,
    "node": [
      "N6",
      "N36"
    ],
    "truck": [
      "T16"
    ],
    "nb_route": [
      [
        1,
        2
      ]
    ],
    "arrival_time": [
      145,
      315
    ],
    "departure_time": [
      145,
      331
    ]
  },
  "C77": {
    "size": 1518,
    "lb_time": 136,
    "ub_time": 873,
    "dnode": "N6",
    "anode": "N10",
    "use": 1,
    "node": [
      "N6",
      "N10"
    ],
    "truck": [
      "T1"
    ],
    "nb_route": [
      [
        1,
        2
      ]
    ],
    "arrival_time": [
      136,
      264
    ],
    "departure_time": [
      136,
      281
    ]
  },
  "C78": {
    "size": 1568,
    "lb_time": 143,
    "ub_time": 873,
    "dnode": "N6",
    "anode": "N28",
    "use": 1,
    "node": [
      "N6",
      "N50",
      "N28"
    ],
    "truck": [
      "T17",
      "T17"
    ],
    "nb_route": [
      [
        1,
        2
      ],
      [
        2,
        3
      ]
    ],
    "arrival_time": [
      143,
      409,
      532
    ],
    "departure_time": [
      143,
      438,
      549
    ]
  },
  "C79": {
    "size": 988,
    "lb_time": 145,
    "ub_time": 873,
    "dnode": "N6",
    "anode": "N30",
    "use": 1,
    "node": [
      "N6",
      "N36",
      "N30"
    ],
    "truck": [
      "T16",
      "T16"
    ],
    "nb_route": [
      [
        1,
        2
      ],
      [
        2,
        3
      ]
    ],
    "arrival_time": [
      145,
      315,
      390
    ],
    "departure_time": [
      145,
      331,
      404
    ]
  },
  "C80": {
    "size": 2036,
    "lb_time": 136,
    "ub_time": 873,
    "dnode": "N6",
    "anode": "N44",
    "use": 1,
    "node": [
      "N6",
      "N32",
      "N44"
    ],
    "truck": [
      "T18",
      "T18"
    ],
    "nb_route": [
      [
        1,
        2
      ],
      [
        2,
        3
      ]
    ],
    "arrival_time": [
      136,
      311,
      380
    ],
    "departure_time": [
      136,
      328,
      420
    ]
  },
  "C81": {
    "size": 504,
    "lb_time": 142,
    "ub_time": 327,
    "dnode": "N6",
    "anode": "N9",
    "use": 1,
    "node": [
      "N6",
      "N9"
    ],
    "truck": [
      "T10"
    ],
    "nb_route": [
      [
        1,
        2
      ]
    ],
    "arrival_time": [
      142,
      251
    ],
    "departure_time": [
      142,
      358
    ]
  },
  "C82": {
    "size": 272,
    "lb_time": 142,
    "ub_time": 327,
    "dnode": "N6",
    "anode": "N9",
    "use": 1,
    "node": [
      "N6",
      "N9"
    ],
    "truck": [
      "T10"
    ],
    "nb_route": [
      [
        1,
        2
      ]
    ],
    "arrival_time": [
      142,
      251
    ],
    "departure_time": [
      142,
      358
    ]
  },
  "C83": {
    "size": 664,
    "lb_time": 65,
    "ub_time": 381,
    "dnode": "N6",
    "anode": "N7",
    "use": 1,
    "node": [
      "N6",
      "N7"
    ],
    "truck": [
      "T19"
    ],
    "nb_route": [
      [
        1,
        2
      ]
    ],
    "arrival_time": [
      65,
      286
    ],
    "departure_time": [
      65,
      341
    ]
  },
  "C84": {
    "size": 2466,
    "lb_time": 151,
    "ub_time": 873,
    "dnode": "N6",
    "anode": "N17",
    "use": 1,
    "node": [
      "N6",
      "N27",
      "N16",
      "N17"
    ],
    "truck": [
      "T14",
      "T14",
      "T14"
    ],
    "nb_route": [
      [
        1,
        2
      ],
      [
        2,
        3
      ],
      [
        3,
        4
      ]
    ],
    "arrival_time": [
      401,
      538,
      628,
      750
    ],
    "departure_time": [
      401,
      551,
      686,
      804
    ]
  },
  "C85": {
    "size": 2608,
    "lb_time": 129,
    "ub_time": 873,
    "dnode": "N6",
    "anode": "N18",
    "use": 1,
    "node": [
      "N6",
      "N18"
    ],
    "truck": [
      "T12"
    ],
    "nb_route": [
      [
        1,
        2
      ]
    ],
    "arrival_time": [
      129,
      248
    ],
    "departure_time": [
      129,
      271
    ]
  },
  "C86": {
    "size": 3976,
    "lb_time": 138,
    "ub_time": 873,
    "dnode": "N6",
    "anode": "N39",
    "use": 1,
    "node": [
      "N6",
      "N41",
      "N29",
      "N39"
    ],
    "truck": [
      "T8",
      "T8",
      "T8"
    ],
    "nb_route": [
      [
        1,
        2
      ],
      [
        2,
        3
      ],
      [
        3,
        4
      ]
    ],
    "arrival_time": [
      138,
      286,
      324,
      437
    ],
    "departure_time": [
      138,
      298,
      347,
      478
    ]
  },
  "C87": {
    "size": 1110,
    "lb_time": 143,
    "ub_time": 873,
    "dnode": "N6",
    "anode": "N47",
    "use": 1,
    "node": [
      "N6",
      "N50",
      "N28",
      "N47"
    ],
    "truck": [
      "T17",
      "T17",
      "T17"
    ],
    "nb_route": [
      [
        1,
        2
      ],
      [
        2,
        3
      ],
      [
        3,
        4
      ]
    ],
    "arrival_time": [
      143,
      409,
      532,
      593
    ],
    "departure_time": [
      143,
      438,
      549,
      655
    ]
  },
  "C88": {
    "size": 1174,
    "lb_time": 137,
    "ub_time": 873,
    "dnode": "N6",
    "anode": "N23",
    "use": 1,
    "node": [
      "N6",
      "N23"
    ],
    "truck": [
      "T3"
    ],
    "nb_route": [
      [
        1,
        2
      ]
    ],
    "arrival_time": [
      137,
      287
    ],
    "departure_time": [
      137,
      302
    ]
  },
  "C89": {
    "size": 1493,
    "lb_time": 134,
    "ub_time": 873,
    "dnode": "N6",
    "anode": "N3",
    "use": 1,
    "node": [
      "N6",
      "N3"
    ],
    "truck": [
      "T15"
    ],
    "nb_route": [
      [
        1,
        2
      ]
    ],
    "arrival_time": [
      134,
      322
    ],
    "departure_time": [
      134,
      365
    ]
  },
  "C90": {
    "size": 44,
    "lb_time": 147,
    "ub_time": 774,
    "dnode": "N6",
    "anode": "N37",
    "use": 1,
    "node": [
      "N6",
      "N26",
      "N37"
    ],
    "truck": [
      "T9",
      "T9"
    ],
    "nb_route": [
      [
        1,
        2
      ],
      [
        2,
        3
      ]
    ],
    "arrival_time": [
      175,
      268,
      399
    ],
    "departure_time": [
      175,
      286,
      455
    ]
  },
  "C91": {
    "size": 1374,
    "lb_time": 136,
    "ub_time": 590,
    "dnode": "N6",
    "anode": "N43",
    "use": 1,
    "node": [
      "N6",
      "N32",
      "N44",
      "N43"
    ],
    "truck": [
      "T18",
      "T18",
      "T18"
    ],
    "nb_route": [
      [
        1,
        2
      ],
      [
        2,
        3
      ],
      [
        3,
        4
      ]
    ],
    "arrival_time": [
      136,
      311,
      380,
      472
    ],
    "departure_time": [
      136,
      328,
      420,
      533
    ]
  },
  "C92": {
    "size": 15,
    "lb_time": 65,
    "ub_time": 360,
    "dnode": "N6",
    "anode": "N7",
    "use": 1,
    "node": [
      "N6",
      "N7"
    ],
    "truck": [
      "T19"
    ],
    "nb_route": [
      [
        1,
        2
      ]
    ],
    "arrival_time": [
      65,
      286
    ],
    "departure_time": [
      65,
      341
    ]
  },
  "C93": {
    "size": 915,
    "lb_time": 146,
    "ub_time": 873,
    "dnode": "N6",
    "anode": "N14",
    "use": 1,
    "node": [
      "N6",
      "N14"
    ],
    "truck": [
      "T13"
    ],
    "nb_route": [
      [
        1,
        2
      ]
    ],
    "arrival_time": [
      230,
      363
    ],
    "departure_time": [
      230,
      376
    ]
  },
  "C94": {
    "size": 366,
    "lb_time": 655,
    "ub_time": 873,
    "dnode": "N47",
    "anode": "N24",
    "use": 1,
    "node": [
      "N47",
      "N24"
    ],
    "truck": [
      "T17"
    ],
    "nb_route": [
      [
        4,
        5
      ]
    ],
    "arrival_time": [
      593,
      711
    ],
    "departure_time": [
      655,
      767
    ]
  },
  "C95": {
    "size": 594,
    "lb_time": 504,
    "ub_time": 873,
    "dnode": "N11",
    "anode": "N6",
    "use": 1,
    "node": [
      "N11",
      "N6"
    ],
    "truck": [
      "T11"
    ],
    "nb_route": [
      [
        4,
        5
      ]
    ],
    "arrival_time": [
      549,
      137
    ],
    "departure_time": [
      592,
      137
    ]
  },
  "C96": {
    "size": 2445,
    "lb_time": 139,
    "ub_time": 873,
    "dnode": "N6",
    "anode": "N4",
    "use": 1,
    "node": [
      "N6",
      "N46",
      "N1",
      "N4"
    ],
    "truck": [
      "T4",
      "T4",
      "T4"
    ],
    "nb_route": [
      [
        1,
        2
      ],
      [
        2,
        3
      ],
      [
        3,
        4
      ]
    ],
    "arrival_time": [
      139,
      296,
      378,
      431
    ],
    "departure_time": [
      139,
      318,
      393,
      454
    ]
  },
  "C97": {
    "size": 528,
    "lb_time": 142,
    "ub_time": 346,
    "dnode": "N6",
    "anode": "N9",
    "use": 1,
    "node": [
      "N6",
      "N9"
    ],
    "truck": [
      "T10"
    ],
    "nb_route": [
      [
        1,
        2
      ]
    ],
    "arrival_time": [
      142,
      251
    ],
    "departure_time": [
      142,
      358
    ]
  },
  "C98": {
    "size": 2,
    "lb_time": 65,
    "ub_time": 379,
    "dnode": "N6",
    "anode": "N7",
    "use": 1,
    "node": [
      "N6",
      "N7"
    ],
    "truck": [
      "T19"
    ],
    "nb_route": [
      [
        1,
        2
      ]
    ],
    "arrival_time": [
      65,
      286
    ],
    "departure_time": [
      65,
      341
    ]
  },
  "C99": {
    "size": 730,
    "lb_time": 142,
    "ub_time": 327,
    "dnode": "N6",
    "anode": "N9",
    "use": 1,
    "node": [
      "N6",
      "N9"
    ],
    "truck": [
      "T10"
    ],
    "nb_route": [
      [
        1,
        2
      ]
    ],
    "arrival_time": [
      142,
      251
    ],
    "departure_time": [
      142,
      358
    ]
  },
  "C100": {
    "size": 775,
    "lb_time": 281,
    "ub_time": 873,
    "dnode": "N16",
    "anode": "N17",
    "use": 1,
    "node": [
      "N16",
      "N17"
    ],
    "truck": [
      "T14"
    ],
    "nb_route": [
      [
        3,
        4
      ]
    ],
    "arrival_time": [
      628,
      750
    ],
    "departure_time": [
      686,
      804
    ]
  },
  "C101": {
    "size": 1380,
    "lb_time": 277,
    "ub_time": 873,
    "dnode": "N9",
    "anode": "N6",
    "use": 1,
    "node": [
      "N9",
      "N6"
    ],
    "truck": [
      "T10"
    ],
    "nb_route": [
      [
        2,
        3
      ]
    ],
    "arrival_time": [
      251,
      142
    ],
    "departure_time": [
      358,
      142
    ]
  },
  "C102": {
    "size": 357,
    "lb_time": 643,
    "ub_time": 873,
    "dnode": "N47",
    "anode": "N24",
    "use": 1,
    "node": [
      "N47",
      "N24"
    ],
    "truck": [
      "T17"
    ],
    "nb_route": [
      [
        4,
        5
      ]
    ],
    "arrival_time": [
      593,
      711
    ],
    "departure_time": [
      655,
      767
    ]
  },
  "C103": {
    "size": 467,
    "lb_time": 268,
    "ub_time": 873,
    "dnode": "N3",
    "anode": "N5",
    "use": 1,
    "node": [
      "N3",
      "N5"
    ],
    "truck": [
      "T15"
    ],
    "nb_route": [
      [
        2,
        3
      ]
    ],
    "arrival_time": [
      322,
      399
    ],
    "departure_time": [
      365,
      442
    ]
  },
  "C104": {
    "size": 460,
    "lb_time": 145,
    "ub_time": 873,
    "dnode": "N6",
    "anode": "N21",
    "use": 1,
    "node": [
      "N6",
      "N36",
      "N30",
      "N20",
      "N21"
    ],
    "truck": [
      "T16",
      "T16",
      "T16",
      "T16"
    ],
    "nb_route": [
      [
        1,
        2
      ],
      [
        2,
        3
      ],
      [
        3,
        4
      ],
      [
        4,
        5
      ]
    ],
    "arrival_time": [
      145,
      315,
      390,
      437,
      504
    ],
    "departure_time": [
      145,
      331,
      404,
      456,
      514
    ]
  },
  "C105": {
    "size": 600,
    "lb_time": 142,
    "ub_time": 346,
    "dnode": "N6",
    "anode": "N9",
    "use": 1,
    "node": [
      "N6",
      "N9"
    ],
    "truck": [
      "T10"
    ],
    "nb_route": [
      [
        1,
        2
      ]
    ],
    "arrival_time": [
      142,
      251
    ],
    "departure_time": [
      142,
      358
    ]
  },
  "C106": {
    "size": 24,
    "lb_time": 65,
    "ub_time": 387,
    "dnode": "N6",
    "anode": "N7",
    "use": 1,
    "node": [
      "N6",
      "N7"
    ],
    "truck": [
      "T19"
    ],
    "nb_route": [
      [
        1,
        2
      ]
    ],
    "arrival_time": [
      65,
      286
    ],
    "departure_time": [
      65,
      341
    ]
  },
  "C107": {
    "size": 192,
    "lb_time": 137,
    "ub_time": 388,
    "dnode": "N6",
    "anode": "N13",
    "use": 1,
    "node": [
      "N6",
      "N13"
    ],
    "truck": [
      "T6"
    ],
    "nb_route": [
      [
        1,
        2
      ]
    ],
    "arrival_time": [
      137,
      268
    ],
    "departure_time": [
      137,
      344
    ]
  },
  "C108": {
    "size": 2208,
    "lb_time": 0,
    "ub_time": 873,
    "dnode": "N6",
    "anode": "N25",
    "use": 1,
    "node": [
      "N6",
      "N25"
    ],
    "truck": [
      "T2"
    ],
    "nb_route": [
      [
        1,
        2
      ]
    ],
    "arrival_time": [
      112,
      254
    ],
    "departure_time": [
      112,
      275
    ]
  },
  "C109": {
    "size": 708,
    "lb_time": 138,
    "ub_time": 873,
    "dnode": "N6",
    "anode": "N41",
    "use": 1,
    "node": [
      "N6",
      "N41"
    ],
    "truck": [
      "T8"
    ],
    "nb_route": [
      [
        1,
        2
      ]
    ],
    "arrival_time": [
      138,
      286
    ],
    "departure_time": [
      138,
      298
    ]
  },
  "C110": {
    "size": 1582,
    "lb_time": 0,
    "ub_time": 304,
    "dnode": "N6",
    "anode": "N34",
    "use": 1,
    "node": [
      "N6",
      "N25",
      "N34"
    ],
    "truck": [
      "T2",
      "T2"
    ],
    "nb_route": [
      [
        1,
        2
      ],
      [
        2,
        3
      ]
    ],
    "arrival_time": [
      112,
      254,
      278
    ],
    "departure_time": [
      112,
      275,
      339
    ]
  },
  "C111": {
    "size": 1502,
    "lb_time": 134,
    "ub_time": 873,
    "dnode": "N6",
    "anode": "N5",
    "use": 1,
    "node": [
      "N6",
      "N3",
      "N5"
    ],
    "truck": [
      "T15",
      "T15"
    ],
    "nb_route": [
      [
        1,
        2
      ],
      [
        2,
        3
      ]
    ],
    "arrival_time": [
      134,
      322,
      399
    ],
    "departure_time": [
      134,
      365,
      442
    ]
  },
  "C112": {
    "size": 1023,
    "lb_time": 136,
    "ub_time": 605,
    "dnode": "N6",
    "anode": "N43",
    "use": 1,
    "node": [
      "N6",
      "N32",
      "N44",
      "N43"
    ],
    "truck": [
      "T18",
      "T18",
      "T18"
    ],
    "nb_route": [
      [
        1,
        2
      ],
      [
        2,
        3
      ],
      [
        3,
        4
      ]
    ],
    "arrival_time": [
      136,
      311,
      380,
      472
    ],
    "departure_time": [
      136,
      328,
      420,
      533
    ]
  },
  "C113": {
    "size": 1693,
    "lb_time": 147,
    "ub_time": 873,
    "dnode": "N6",
    "anode": "N26",
    "use": 1,
    "node": [
      "N6",
      "N26"
    ],
    "truck": [
      "T9"
    ],
    "nb_route": [
      [
        1,
        2
      ]
    ],
    "arrival_time": [
      175,
      268
    ],
    "departure_time": [
      175,
      286
    ]
  },
  "C114": {
    "size": 391,
    "lb_time": 142,
    "ub_time": 416,
    "dnode": "N6",
    "anode": "N38",
    "use": 1,
    "node": [
      "N6",
      "N38"
    ],
    "truck": [
      "T5"
    ],
    "nb_route": [
      [
        1,
        2
      ]
    ],
    "arrival_time": [
      142,
      293
    ],
    "departure_time": [
      142,
      321
    ]
  },
  "C115": {
    "size": 603,
    "lb_time": 143,
    "ub_time": 492,
    "dnode": "N6",
    "anode": "N50",
    "use": 1,
    "node": [
      "N6",
      "N50"
    ],
    "truck": [
      "T17"
    ],
    "nb_route": [
      [
        1,
        2
      ]
    ],
    "arrival_time": [
      143,
      409
    ],
    "departure_time": [
      143,
      438
    ]
  },
  "C116": {
    "size": 2398,
    "lb_time": 139,
    "ub_time": 873,
    "dnode": "N6",
    "anode": "N46",
    "use": 1,
    "node": [
      "N6",
      "N46"
    ],
    "truck": [
      "T4"
    ],
    "nb_route": [
      [
        1,
        2
      ]
    ],
    "arrival_time": [
      139,
      296
    ],
    "departure_time": [
      139,
      318
    ]
  },
  "C117": {
    "size": 29,
    "lb_time": 643,
    "ub_time": 873,
    "dnode": "N47",
    "anode": "N24",
    "use": 1,
    "node": [
      "N47",
      "N24"
    ],
    "truck": [
      "T17"
    ],
    "nb_route": [
      [
        4,
        5
      ]
    ],
    "arrival_time": [
      593,
      711
    ],
    "departure_time": [
      655,
      767
    ]
  },
  "C118": {
    "size": 1743,
    "lb_time": 655,
    "ub_time": 873,
    "dnode": "N47",
    "anode": "N24",
    "use": 1,
    "node": [
      "N47",
      "N24"
    ],
    "truck": [
      "T17"
    ],
    "nb_route": [
      [
        4,
        5
      ]
    ],
    "arrival_time": [
      593,
      711
    ],
    "departure_time": [
      655,
      767
    ]
  },
  "C119": {
    "size": 1771,
    "lb_time": 344,
    "ub_time": 873,
    "dnode": "N44",
    "anode": "N43",
    "use": 1,
    "node": [
      "N44",
      "N43"
    ],
    "truck": [
      "T18"
    ],
    "nb_route": [
      [
        3,
        4
      ]
    ],
    "arrival_time": [
      380,
      472
    ],
    "departure_time": [
      420,
      533
    ]
  },
  "C120": {
    "size": 415,
    "lb_time": 142,
    "ub_time": 873,
    "dnode": "N6",
    "anode": "N11",
    "use": 1,
    "node": [
      "N6",
      "N11"
    ],
    "truck": [
      "T10"
    ],
    "nb_route": [
      [
        3,
        4
      ]
    ],
    "arrival_time": [
      142,
      557
    ],
    "departure_time": [
      142,
      595
    ]
  },
  "C121": {
    "size": 40,
    "lb_time": 142,
    "ub_time": 873,
    "dnode": "N6",
    "anode": "N11",
    "use": 1,
    "node": [
      "N6",
      "N11"
    ],
    "truck": [
      "T10"
    ],
    "nb_route": [
      [
        3,
        4
      ]
    ],
    "arrival_time": [
      142,
      557
    ],
    "departure_time": [
      142,
      595
    ]
  },
  "C122": {
    "size": 10,
    "lb_time": 142,
    "ub_time": 772,
    "dnode": "N6",
    "anode": "N11",
    "use": 1,
    "node": [
      "N6",
      "N11"
    ],
    "truck": [
      "T10"
    ],
    "nb_route": [
      [
        3,
        4
      ]
    ],
    "arrival_time": [
      142,
      557
    ],
    "departure_time": [
      142,
      595
    ]
  },
  "C123": {
    "size": 1004,
    "lb_time": 549,
    "ub_time": 873,
    "dnode": "N11",
    "anode": "N6",
    "use": 1,
    "node": [
      "N11",
      "N6"
    ],
    "truck": [
      "T11"
    ],
    "nb_route": [
      [
        4,
        5
      ]
    ],
    "arrival_time": [
      549,
      137
    ],
    "departure_time": [
      592,
      137
    ]
  },
  "C124": {
    "size": 442,
    "lb_time": 471,
    "ub_time": 873,
    "dnode": "N19",
    "anode": "N32",
    "use": 1,
    "node": [
      "N19",
      "N32"
    ],
    "truck": [
      "T15"
    ],
    "nb_route": [
      [
        4,
        5
      ]
    ],
    "arrival_time": [
      525,
      613
    ],
    "departure_time": [
      563,
      623
    ]
  },
  "C125": {
    "size": 580,
    "lb_time": 142,
    "ub_time": 651,
    "dnode": "N6",
    "anode": "N11",
    "use": 1,
    "node": [
      "N6",
      "N11"
    ],
    "truck": [
      "T10"
    ],
    "nb_route": [
      [
        3,
        4
      ]
    ],
    "arrival_time": [
      142,
      557
    ],
    "departure_time": [
      142,
      595
    ]
  },
  "C126": {
    "size": 998,
    "lb_time": 138,
    "ub_time": 619,
    "dnode": "N6",
    "anode": "N39",
    "use": 1,
    "node": [
      "N6",
      "N41",
      "N29",
      "N39"
    ],
    "truck": [
      "T8",
      "T8",
      "T8"
    ],
    "nb_route": [
      [
        1,
        2
      ],
      [
        2,
        3
      ],
      [
        3,
        4
      ]
    ],
    "arrival_time": [
      138,
      286,
      324,
      437
    ],
    "departure_time": [
      138,
      298,
      347,
      478
    ]
  },
  "C127": {
    "size": 341,
    "lb_time": 469,
    "ub_time": 873,
    "dnode": "N11",
    "anode": "N6",
    "use": 1,
    "node": [
      "N11",
      "N6"
    ],
    "truck": [
      "T2"
    ],
    "nb_route": [
      [
        5,
        6
      ]
    ],
    "arrival_time": [
      472,
      112
    ],
    "departure_time": [
      490,
      112
    ]
  },
  "C128": {
    "size": 20,
    "lb_time": 643,
    "ub_time": 873,
    "dnode": "N47",
    "anode": "N24",
    "use": 1,
    "node": [
      "N47",
      "N24"
    ],
    "truck": [
      "T17"
    ],
    "nb_route": [
      [
        4,
        5
      ]
    ],
    "arrival_time": [
      593,
      711
    ],
    "departure_time": [
      655,
      767
    ]
  },
  "C129": {
    "size": 64,
    "lb_time": 142,
    "ub_time": 772,
    "dnode": "N6",
    "anode": "N11",
    "use": 1,
    "node": [
      "N6",
      "N11"
    ],
    "truck": [
      "T10"
    ],
    "nb_route": [
      [
        3,
        4
      ]
    ],
    "arrival_time": [
      142,
      557
    ],
    "departure_time": [
      142,
      595
    ]
  },
  "C130": {
    "size": 20,
    "lb_time": 142,
    "ub_time": 772,
    "dnode": "N6",
    "anode": "N11",
    "use": 1,
    "node": [
      "N6",
      "N11"
    ],
    "truck": [
      "T10"
    ],
    "nb_route": [
      [
        3,
        4
      ]
    ],
    "arrival_time": [
      142,
      557
    ],
    "departure_time": [
      142,
      595
    ]
  },
  "C131": {
    "size": 73,
    "lb_time": 655,
    "ub_time": 2313,
    "dnode": "N47",
    "anode": "N24",
    "use": 1,
    "node": [
      "N47",
      "N24"
    ],
    "truck": [
      "T17"
    ],
    "nb_route": [
      [
        4,
        5
      ]
    ],
    "arrival_time": [
      593,
      711
    ],
    "departure_time": [
      655,
      767
    ]
  },
  "C132": {
    "size": 4,
    "lb_time": 490,
    "ub_time": 2313,
    "dnode": "N11",
    "anode": "N6",
    "use": 1,
    "node": [
      "N11",
      "N6"
    ],
    "truck": [
      "T2"
    ],
    "nb_route": [
      [
        5,
        6
      ]
    ],
    "arrival_time": [
      472,
      112
    ],
    "departure_time": [
      490,
      112
    ]
  },
  "C133": {
    "size": 373,
    "lb_time": 142,
    "ub_time": 873,
    "dnode": "N6",
    "anode": "N11",
    "use": 1,
    "node": [
      "N6",
      "N11"
    ],
    "truck": [
      "T10"
    ],
    "nb_route": [
      [
        3,
        4
      ]
    ],
    "arrival_time": [
      142,
      557
    ],
    "departure_time": [
      142,
      595
    ]
  },
  "C134": {
    "size": 61,
    "lb_time": 643,
    "ub_time": 873,
    "dnode": "N47",
    "anode": "N24",
    "use": 1,
    "node": [
      "N47",
      "N24"
    ],
    "truck": [
      "T17"
    ],
    "nb_route": [
      [
        4,
        5
      ]
    ],
    "arrival_time": [
      593,
      711
    ],
    "departure_time": [
      655,
      767
    ]
  },
  "C135": {
    "size": 128,
    "lb_time": 346,
    "ub_time": 873,
    "dnode": "N3",
    "anode": "N5",
    "use": 1,
    "node": [
      "N3",
      "N5"
    ],
    "truck": [
      "T15"
    ],
    "nb_route": [
      [
        2,
        3
      ]
    ],
    "arrival_time": [
      322,
      399
    ],
    "departure_time": [
      365,
      442
    ]
  },
  "C136": {
    "size": 750,
    "lb_time": 147,
    "ub_time": 654,
    "dnode": "N6",
    "anode": "N37",
    "use": 1,
    "node": [
      "N6",
      "N26",
      "N37"
    ],
    "truck": [
      "T9",
      "T9"
    ],
    "nb_route": [
      [
        1,
        2
      ],
      [
        2,
        3
      ]
    ],
    "arrival_time": [
      175,
      268,
      399
    ],
    "departure_time": [
      175,
      286,
      455
    ]
  },
  "C137": {
    "size": 270,
    "lb_time": 147,
    "ub_time": 627,
    "dnode": "N6",
    "anode": "N37",
    "use": 1,
    "node": [
      "N6",
      "N26",
      "N37"
    ],
    "truck": [
      "T9",
      "T9"
    ],
    "nb_route": [
      [
        1,
        2
      ],
      [
        2,
        3
      ]
    ],
    "arrival_time": [
      175,
      268,
      399
    ],
    "departure_time": [
      175,
      286,
      455
    ]
  },
  "C138": {
    "size": 180,
    "lb_time": 147,
    "ub_time": 1020,
    "dnode": "N6",
    "anode": "N37",
    "use": 1,
    "node": [
      "N6",
      "N26",
      "N37"
    ],
    "truck": [
      "T9",
      "T9"
    ],
    "nb_route": [
      [
        1,
        2
      ],
      [
        2,
        3
      ]
    ],
    "arrival_time": [
      175,
      268,
      399
    ],
    "departure_time": [
      175,
      286,
      455
    ]
  },
  "C139": {
    "size": 225,
    "lb_time": 455,
    "ub_time": 2313,
    "dnode": "N37",
    "anode": "N6",
    "use": 1,
    "node": [
      "N37",
      "N6"
    ],
    "truck": [
      "T9"
    ],
    "nb_route": [
      [
        3,
        4
      ]
    ],
    "arrival_time": [
      399,
      175
    ],
    "departure_time": [
      455,
      175
    ]
  },
  "C140": {
    "size": 909,
    "lb_time": 617,
    "ub_time": 873,
    "dnode": "N47",
    "anode": "N24",
    "use": 1,
    "node": [
      "N47",
      "N24"
    ],
    "truck": [
      "T17"
    ],
    "nb_route": [
      [
        4,
        5
      ]
    ],
    "arrival_time": [
      593,
      711
    ],
    "departure_time": [
      655,
      767
    ]
  },
  "C141": {
    "size": 40,
    "lb_time": 643,
    "ub_time": 873,
    "dnode": "N47",
    "anode": "N24",
    "use": 1,
    "node": [
      "N47",
      "N24"
    ],
    "truck": [
      "T17"
    ],
    "nb_route": [
      [
        4,
        5
      ]
    ],
    "arrival_time": [
      593,
      711
    ],
    "departure_time": [
      655,
      767
    ]
  },
  "C142": {
    "size": 666,
    "lb_time": 142,
    "ub_time": 346,
    "dnode": "N6",
    "anode": "N9",
    "use": 1,
    "node": [
      "N6",
      "N9"
    ],
    "truck": [
      "T10"
    ],
    "nb_route": [
      [
        1,
        2
      ]
    ],
    "arrival_time": [
      142,
      251
    ],
    "departure_time": [
      142,
      358
    ]
  },
  "C143": {
    "size": 1200,
    "lb_time": 137,
    "ub_time": 873,
    "dnode": "N6",
    "anode": "N46",
    "use": 1,
    "node": [
      "N6",
      "N23",
      "N31",
      "N46"
    ],
    "truck": [
      "T3",
      "T3",
      "T3"
    ],
    "nb_route": [
      [
        1,
        2
      ],
      [
        2,
        3
      ],
      [
        3,
        4
      ]
    ],
    "arrival_time": [
      137,
      287,
      330,
      380
    ],
    "departure_time": [
      137,
      302,
      340,
      403
    ]
  },
  "C144": {
    "size": 358,
    "lb_time": 136,
    "ub_time": 631,
    "dnode": "N6",
    "anode": "N43",
    "use": 1,
    "node": [
      "N6",
      "N32",
      "N44",
      "N43"
    ],
    "truck": [
      "T18",
      "T18",
      "T18"
    ],
    "nb_route": [
      [
        1,
        2
      ],
      [
        2,
        3
      ],
      [
        3,
        4
      ]
    ],
    "arrival_time": [
      136,
      311,
      380,
      472
    ],
    "departure_time": [
      136,
      328,
      420,
      533
    ]
  },
  "C145": {
    "size": 60,
    "lb_time": 686,
    "ub_time": 2313,
    "dnode": "N16",
    "anode": "N17",
    "use": 1,
    "node": [
      "N16",
      "N17"
    ],
    "truck": [
      "T14"
    ],
    "nb_route": [
      [
        3,
        4
      ]
    ],
    "arrival_time": [
      628,
      750
    ],
    "departure_time": [
      686,
      804
    ]
  },
  "C146": {
    "size": 600,
    "lb_time": 621,
    "ub_time": 873,
    "dnode": "N47",
    "anode": "N24",
    "use": 1,
    "node": [
      "N47",
      "N24"
    ],
    "truck": [
      "T17"
    ],
    "nb_route": [
      [
        4,
        5
      ]
    ],
    "arrival_time": [
      593,
      711
    ],
    "departure_time": [
      655,
      767
    ]
  },
  "C147": {
    "size": 130,
    "lb_time": 65,
    "ub_time": 390,
    "dnode": "N6",
    "anode": "N7",
    "use": 1,
    "node": [
      "N6",
      "N7"
    ],
    "truck": [
      "T19"
    ],
    "nb_route": [
      [
        1,
        2
      ]
    ],
    "arrival_time": [
      65,
      286
    ],
    "departure_time": [
      65,
      341
    ]
  },
  "C148": {
    "size": 650,
    "lb_time": 65,
    "ub_time": 383,
    "dnode": "N6",
    "anode": "N7",
    "use": 1,
    "node": [
      "N6",
      "N7"
    ],
    "truck": [
      "T19"
    ],
    "nb_route": [
      [
        1,
        2
      ]
    ],
    "arrival_time": [
      65,
      286
    ],
    "departure_time": [
      65,
      341
    ]
  },
  "C149": {
    "size": 180,
    "lb_time": 65,
    "ub_time": 369,
    "dnode": "N6",
    "anode": "N7",
    "use": 1,
    "node": [
      "N6",
      "N7"
    ],
    "truck": [
      "T19"
    ],
    "nb_route": [
      [
        1,
        2
      ]
    ],
    "arrival_time": [
      65,
      286
    ],
    "departure_time": [
      65,
      341
    ]
  },
  "C150": {
    "size": 330,
    "lb_time": 142,
    "ub_time": 651,
    "dnode": "N6",
    "anode": "N11",
    "use": 1,
    "node": [
      "N6",
      "N11"
    ],
    "truck": [
      "T10"
    ],
    "nb_route": [
      [
        3,
        4
      ]
    ],
    "arrival_time": [
      142,
      557
    ],
    "departure_time": [
      142,
      595
    ]
  },
  "C151": {
    "size": 53,
    "lb_time": 142,
    "ub_time": 873,
    "dnode": "N6",
    "anode": "N11",
    "use": 1,
    "node": [
      "N6",
      "N9",
      "N6",
      "N11"
    ],
    "truck": [
      "T10",
      "T10",
      "T10"
    ],
    "nb_route": [
      [
        1,
        2
      ],
      [
        2,
        3
      ],
      [
        3,
        4
      ]
    ],
    "arrival_time": [
      142,
      251,
      142,
      557
    ],
    "departure_time": [
      142,
      358,
      142,
      595
    ]
  },
  "C152": {
    "size": 160,
    "lb_time": 143,
    "ub_time": 873,
    "dnode": "N6",
    "anode": "N24",
    "use": 1,
    "node": [
      "N6",
      "N50",
      "N28",
      "N47",
      "N24"
    ],
    "truck": [
      "T17",
      "T17",
      "T17",
      "T17"
    ],
    "nb_route": [
      [
        1,
        2
      ],
      [
        2,
        3
      ],
      [
        3,
        4
      ],
      [
        4,
        5
      ]
    ],
    "arrival_time": [
      143,
      409,
      532,
      593,
      711
    ],
    "departure_time": [
      143,
      438,
      549,
      655,
      767
    ]
  },
  "C153": {
    "size": 222,
    "lb_time": 389,
    "ub_time": 873,
    "dnode": "N8",
    "anode": "N6",
    "use": 1,
    "node": [
      "N8",
      "N6"
    ],
    "truck": [
      "T19"
    ],
    "nb_route": [
      [
        3,
        4
      ]
    ],
    "arrival_time": [
      435,
      65
    ],
    "departure_time": [
      456,
      65
    ]
  },
  "C154": {
    "size": 880,
    "lb_time": 65,
    "ub_time": 380,
    "dnode": "N6",
    "anode": "N7",
    "use": 1,
    "node": [
      "N6",
      "N7"
    ],
    "truck": [
      "T19"
    ],
    "nb_route": [
      [
        1,
        2
      ]
    ],
    "arrival_time": [
      65,
      286
    ],
    "departure_time": [
      65,
      341
    ]
  },
  "C155": {
    "size": 2,
    "lb_time": 399,
    "ub_time": 873,
    "dnode": "N4",
    "anode": "N6",
    "use": 1,
    "node": [
      "N4",
      "N6"
    ],
    "truck": [
      "T4"
    ],
    "nb_route": [
      [
        4,
        5
      ]
    ],
    "arrival_time": [
      431,
      139
    ],
    "departure_time": [
      454,
      139
    ]
  },
  "C156": {
    "size": 130,
    "lb_time": 558,
    "ub_time": 873,
    "dnode": "N47",
    "anode": "N24",
    "use": 1,
    "node": [
      "N47",
      "N24"
    ],
    "truck": [
      "T17"
    ],
    "nb_route": [
      [
        4,
        5
      ]
    ],
    "arrival_time": [
      593,
      711
    ],
    "departure_time": [
      655,
      767
    ]
  },
  "C157": {
    "size": 585,
    "lb_time": 272,
    "ub_time": 873,
    "dnode": "N34",
    "anode": "N25",
    "use": 1,
    "node": [
      "N34",
      "N25"
    ],
    "truck": [
      "T2"
    ],
    "nb_route": [
      [
        3,
        4
      ]
    ],
    "arrival_time": [
      278,
      254
    ],
    "departure_time": [
      339,
      275
    ]
  },
  "C158": {
    "size": 140,
    "lb_time": 577,
    "ub_time": 873,
    "dnode": "N47",
    "anode": "N24",
    "use": 1,
    "node": [
      "N47",
      "N24"
    ],
    "truck": [
      "T17"
    ],
    "nb_route": [
      [
        4,
        5
      ]
    ],
    "arrival_time": [
      593,
      711
    ],
    "departure_time": [
      655,
      767
    ]
  },
  "C159": {
    "size": 730,
    "lb_time": 311,
    "ub_time": 873,
    "dnode": "N3",
    "anode": "N5",
    "use": 1,
    "node": [
      "N3",
      "N5"
    ],
    "truck": [
      "T15"
    ],
    "nb_route": [
      [
        2,
        3
      ]
    ],
    "arrival_time": [
      322,
      399
    ],
    "departure_time": [
      365,
      442
    ]
  },
  "C160": {
    "size": 273,
    "lb_time": 138,
    "ub_time": 512,
    "dnode": "N6",
    "anode": "N39",
    "use": 1,
    "node": [
      "N6",
      "N41",
      "N29",
      "N39"
    ],
    "truck": [
      "T8",
      "T8",
      "T8"
    ],
    "nb_route": [
      [
        1,
        2
      ],
      [
        2,
        3
      ],
      [
        3,
        4
      ]
    ],
    "arrival_time": [
      138,
      286,
      324,
      437
    ],
    "departure_time": [
      138,
      298,
      347,
      478
    ]
  },
  "C161": {
    "size": 24,
    "lb_time": 375,
    "ub_time": 772,
    "dnode": "N35",
    "anode": "N11",
    "use": 1,
    "node": [
      "N35",
      "N11"
    ],
    "truck": [
      "T11"
    ],
    "nb_route": [
      [
        3,
        4
      ]
    ],
    "arrival_time": [
      345,
      549
    ],
    "departure_time": [
      405,
      592
    ]
  },
  "C162": {
    "size": 38,
    "lb_time": 655,
    "ub_time": 873,
    "dnode": "N47",
    "anode": "N24",
    "use": 1,
    "node": [
      "N47",
      "N24"
    ],
    "truck": [
      "T17"
    ],
    "nb_route": [
      [
        4,
        5
      ]
    ],
    "arrival_time": [
      593,
      711
    ],
    "departure_time": [
      655,
      767
    ]
  },
  "C163": {
    "size": 120,
    "lb_time": 334,
    "ub_time": 873,
    "dnode": "N11",
    "anode": "N6",
    "use": 1,
    "node": [
      "N11",
      "N6"
    ],
    "truck": [
      "T2"
    ],
    "nb_route": [
      [
        5,
        6
      ]
    ],
    "arrival_time": [
      472,
      112
    ],
    "departure_time": [
      490,
      112
    ]
  },
  "C164": {
    "size": 304,
    "lb_time": 147,
    "ub_time": 829,
    "dnode": "N6",
    "anode": "N37",
    "use": 1,
    "node": [
      "N6",
      "N26",
      "N37"
    ],
    "truck": [
      "T9",
      "T9"
    ],
    "nb_route": [
      [
        1,
        2
      ],
      [
        2,
        3
      ]
    ],
    "arrival_time": [
      175,
      268,
      399
    ],
    "departure_time": [
      175,
      286,
      455
    ]
  },
  "C165": {
    "size": 8,
    "lb_time": 498,
    "ub_time": 873,
    "dnode": "N47",
    "anode": "N24",
    "use": 1,
    "node": [
      "N47",
      "N24"
    ],
    "truck": [
      "T17"
    ],
    "nb_route": [
      [
        4,
        5
      ]
    ],
    "arrival_time": [
      593,
      711
    ],
    "departure_time": [
      655,
      767
    ]
  },
  "C166": {
    "size": 110,
    "lb_time": 207,
    "ub_time": 873,
    "dnode": "N9",
    "anode": "N11",
    "use": 1,
    "node": [
      "N9",
      "N6",
      "N11"
    ],
    "truck": [
      "T10",
      "T10"
    ],
    "nb_route": [
      [
        2,
        3
      ],
      [
        3,
        4
      ]
    ],
    "arrival_time": [
      251,
      142,
      557
    ],
    "departure_time": [
      358,
      142,
      595
    ]
  }
}