{
  "T1": {
    "dnode": "N6",
    "anode": "N12",
    "max_capacity": 10000,
    "max_worktime": 630,
    "use": 1,
    "node": [
      "N6",
      "N10",
      "N22",
      "N12"
    ],
    "arrival_time": [
      136,
      264,
      343,
      377
    ],
    "departure_time": [
      136,
      281,
      354,
      391
    ],
    "cargo": [
      "C24",
      "C64",
      "C77"
    ],
    "node_cargo": {
      "1": {
        "in": [
          "C24",
          "C64",
          "C77"
        ],
        "out": []
      },
      "2": {
        "in": [],
        "out": [
          "C77"
        ]
      },
      "3": {
        "in": [],
        "out": [
          "C64"
        ]
      },
      "4": {
        "in": [],
        "out": [
          "C24"
        ]
      }
    }
  },
  "T2": {
    "dnode": "N6",
    "anode": "N6",
    "max_capacity": 10000,
    "max_worktime": 780,
    "use": 1,
    "node": [
      "N6",
      "N25",
      "N34",
      "N25",
      "N11",
      "N6"
    ],
    "arrival_time": [
      112,
      254,
      278,
      342,
      472,
      520
    ],
    "departure_time": [
      112,
      275,
      339,
      361,
      490,
      537
    ],
    "cargo": [
      "C9",
      "C14",
      "C16",
      "C30",
      "C54",
      "C66",
      "C68",
      "C108",
      "C110",
      "C127",
      "C132",
      "C157",
      "C163"
    ],
    "node_cargo": {
      "1": {
        "in": [
          "C66",
          "C68",
          "C108",
          "C110"
        ],
        "out": []
      },
      "2": {
        "in": [],
        "out": [
          "C108"
        ]
      },
      "3": {
        "in": [
          "C9",
          "C14",
          "C16",
          "C54",
          "C157"
        ],
        "out": [
          "C66",
          "C68",
          "C110"
        ]
      },
      "4": {
        "in": [],
        "out": [
          "C9",
          "C157"
        ]
      },
      "5": {
        "in": [
          "C30",
          "C127",
          "C132",
          "C163"
        ],
        "out": [
          "C16",
          "C54"
        ]
      },
      "6": {
        "in": [],
        "out": [
          "C14",
          "C30",
          "C127",
          "C132",
          "C163"
        ]
      }
    }
  },
  "T3": {
    "dnode": "N6",
    "anode": "N6",
    "max_capacity": 10000,
    "max_worktime": 780,
    "use": 1,
    "node": [
      "N6",
      "N23",
      "N31",
      "N46",
      "N33",
      "N6"
    ],
    "arrival_time": [
      137,
      287,
      330,
      380,
      415,
      597
    ],
    "departure_time": [
      137,
      302,
      340,
      403,
      443,
      612
    ],
    "cargo": [
      "C22",
      "C35",
      "C55",
      "C88",
      "C143"
    ],
    "node_cargo": {
      "1": {
        "in": [
          "C22",
          "C55",
          "C88",
          "C143"
        ],
        "out": []
      },
      "2": {
        "in": [],
        "out": [
          "C88"
        ]
      },
      "3": {
        "in": [],
        "out": [
          "C22"
        ]
      },
      "4": {
        "in": [
          "C35"
        ],
        "out": [
          "C143"
        ]
      },
      "5": {
        "in": [],
        "out": [
          "C55"
        ]
      },
      "6": {
        "in": [],
        "out": [
          "C35"
        ]
      }
    }
  },
  "T4": {
    "dnode": "N6",
    "anode": "N6",
    "max_capacity": 10000,
    "max_worktime": 780,
    "use": 1,
    "node": [
      "N6",
      "N46",
      "N1",
      "N4",
      "N6"
    ],
    "arrival_time": [
      139,
      296,
      378,
      431,
      633
    ],
    "departure_time": [
      139,
      318,
      393,
      454,
      641
    ],
    "cargo": [
      "C26",
      "C96",
      "C116",
      "C155"
    ],
    "node_cargo": {
      "1": {
        "in": [
          "C26",
          "C96",
          "C116"
        ],
        "out": []
      },
      "2": {
        "in": [],
        "out": [
          "C116"
        ]
      },
      "3": {
        "in": [],
        "out": [
          "C26"
        ]
      },
      "4": {
        "in": [
          "C155"
        ],
        "out": [
          "C96"
        ]
      },
      "5": {
        "in": [],
        "out": [
          "C155"
        ]
      }
    }
  },
  "T5": {
    "dnode": "N6",
    "anode": "N6",
    "max_capacity": 10000,
    "max_worktime": 780,
    "use": 1,
    "node": [
      "N6",
      "N38",
      "N15",
      "N6"
    ],
    "arrival_time": [
      142,
      293,
      350,
      539
    ],
    "departure_time": [
      142,
      321,
      386,
      558
    ],
    "cargo": [
      "C20",
      "C58",
      "C67",
      "C114"
    ],
    "node_cargo": {
      "1": {
        "in": [
          "C20",
          "C67",
          "C114"
        ],
        "out": []
      },
      "2": {
        "in": [],
        "out": [
          "C67",
          "C114"
        ]
      },
      "3": {
        "in": [
          "C58"
        ],
        "out": [
          "C20"
        ]
      },
      "4": {
        "in": [],
        "out": [
          "C58"
        ]
      }
    }
  },
  "T6": {
    "dnode": "N6",
    "anode": "N6",
    "max_capacity": 10000,
    "max_worktime": 780,
    "use": 1,
    "node": [
      "N6",
      "N13",
      "N26",
      "N11",
      "N6"
    ],
    "arrival_time": [
      137,
      268,
      406,
      481,
      536
    ],
    "departure_time": [
      137,
      344,
      421,
      506,
      551
    ],
    "cargo": [
      "C19",
      "C41",
      "C43",
      "C44",
      "C59",
      "C72",
      "C107"
    ],
    "node_cargo": {
      "1": {
        "in": [
          "C19",
          "C72",
          "C107"
        ],
        "out": []
      },
      "2": {
        "in": [
          "C41",
          "C43",
          "C44",
          "C59"
        ],
        "out": [
          "C19",
          "C72",
          "C107"
        ]
      },
      "3": {
        "in": [],
        "out": [
          "C43"
        ]
      },
      "4": {
        "in": [],
        "out": [
          "C41",
          "C44"
        ]
      },
      "5": {
        "in": [],
        "out": [
          "C59"
        ]
      }
    }
  },
  "T7": {
    "dnode": "N6",
    "anode": "N48",
    "max_capacity": 10000,
    "max_worktime": 607,
    "use": 1,
    "node": [
      "N6",
      "N40",
      "N48"
    ],
    "arrival_time": [
      134,
      306,
      356
    ],
    "departure_time": [
      134,
      320,
      383
    ],
    "cargo": [
      "C18",
      "C70"
    ],
    "node_cargo": {
      "1": {
        "in": [
          "C18",
          "C70"
        ],
        "out": []
      },
      "2": {
        "in": [],
        "out": [
          "C70"
        ]
      },
      "3": {
        "in": [],
        "out": [
          "C18"
        ]
      }
    }
  },
  "T8": {
    "dnode": "N6",
    "anode": "N39",
    "max_capacity": 10000,
    "max_worktime": 780,
    "use": 1,
    "node": [
      "N6",
      "N41",
      "N29",
      "N39"
    ],
    "arrival_time": [
      138,
      286,
      324,
      437
    ],
    "departure_time": [
      138,
      298,
      347,
      478
    ],
    "cargo": [
      "C28",
      "C86",
      "C109",
      "C126",
      "C160"
    ],
    "node_cargo": {
      "1": {
        "in": [
          "C28",
          "C86",
          "C109",
          "C126",
          "C160"
        ],
        "out": []
      },
      "2": {
        "in": [],
        "out": [
          "C109"
        ]
      },
      "3": {
        "in": [],
        "out": [
          "C28"
        ]
      },
      "4": {
        "in": [],
        "out": [
          "C86",
          "C126",
          "C160"
        ]
      }
    }
  },
  "T9": {
    "dnode": "N6",
    "anode": "N6",
    "max_capacity": 10000,
    "max_worktime": 780,
    "use": 1,
    "node": [
      "N6",
      "N26",
      "N37",
      "N6"
    ],
    "arrival_time": [
      175,
      268,
      399,
      639
    ],
    "departure_time": [
      175,
      286,
      455,
      648
    ],
    "cargo": [
      "C17",
      "C90",
      "C113",
      "C136",
      "C137",
      "C138",
      "C139",
      "C164"
    ],
    "node_cargo": {
      "1": {
        "in": [
          "C17",
          "C90",
          "C113",
          "C136",
          "C137",
          "C138",
          "C164"
        ],
        "out": []
      },
      "2": {
        "in": [],
        "out": [
          "C113"
        ]
      },
      "3": {
        "in": [
          "C139"
        ],
        "out": [
          "C17",
          "C90",
          "C136",
          "C137",
          "C138",
          "C164"
        ]
      },
      "4": {
        "in": [],
        "out": [
          "C139"
        ]
      }
    }
  },
  "T10": {
    "dnode": "N6",
    "anode": "N11",
    "max_capacity": 10000,
    "max_worktime": 750,
    "use": 1,
    "node": [
      "N6",
      "N9",
      "N6",
      "N11"
    ],
    "arrival_time": [
      142,
      251,
      463,
      557
    ],
    "departure_time": [
      142,
      358,
      529,
      595
    ],
    "cargo": [
      "C7",
      "C10",
      "C38",
      "C39",
      "C40",
      "C42",
      "C48",
      "C49",
      "C50",
      "C52",
      "C81",
      "C82",
      "C97",
      "C99",
      "C101",
      "C105",
      "C120",
      "C121",
      "C122",
      "C125",
      "C129",
      "C130",
      "C133",
      "C142",
      "C150",
      "C151",
      "C166"
    ],
    "node_cargo": {
      "1": {
        "in": [
          "C38",
          "C39",
          "C40",
          "C81",
          "C82",
          "C97",
          "C99",
          "C105",
          "C142",
          "C151"
        ],
        "out": []
      },
      "2": {
        "in": [
          "C10",
          "C42",
          "C48",
          "C49",
          "C50",
          "C52",
          "C101",
          "C166"
        ],
        "out": [
          "C38",
          "C39",
          "C40",
          "C81",
          "C82",
          "C97",
          "C99",
          "C105",
          "C142"
        ]
      },
      "3": {
        "in": [
          "C7",
          "C120",
          "C121",
          "C122",
          "C125",
          "C129",
          "C130",
          "C133",
          "C150"
        ],
        "out": [
          "C42",
          "C48",
          "C49",
          "C50",
          "C101"
        ]
      },
      "4": {
        "in": [],
        "out": [
          "C7",
          "C10",
          "C52",
          "C120",
          "C121",
          "C122",
          "C125",
          "C129",
          "C130",
          "C133",
          "C150",
          "C151",
          "C166"
        ]
      }
    }
  },
  "T11": {
    "dnode": "N6",
    "anode": "N6",
    "max_capacity": 10000,
    "max_worktime": 780,
    "use": 1,
    "node": [
      "N6",
      "N42",
      "N35",
      "N11",
      "N6"
    ],
    "arrival_time": [
      137,
      292,
      345,
      549,
      622
    ],
    "departure_time": [
      137,
      305,
      405,
      592,
      657
    ],
    "cargo": [
      "C2",
      "C3",
      "C23",
      "C71",
      "C75",
      "C95",
      "C123",
      "C161"
    ],
    "node_cargo": {
      "1": {
        "in": [
          "C71",
          "C75"
        ],
        "out": []
      },
      "2": {
        "in": [],
        "out": [
          "C71"
        ]
      },
      "3": {
        "in": [
          "C2",
          "C3",
          "C23",
          "C161"
        ],
        "out": [
          "C75"
        ]
      },
      "4": {
        "in": [
          "C95",
          "C123"
        ],
        "out": [
          "C3",
          "C23",
          "C161"
        ]
      },
      "5": {
        "in": [],
        "out": [
          "C2",
          "C95",
          "C123"
        ]
      }
    }
  },
  "T12": {
    "dnode": "N6",
    "anode": "N6",
    "max_capacity": 10000,
    "max_worktime": 780,
    "use": 1,
    "node": [
      "N6",
      "N18",
      "N2",
      "N6"
    ],
    "arrival_time": [
      129,
      248,
      315,
      510
    ],
    "departure_time": [
      129,
      271,
      369,
      526
    ],
    "cargo": [
      "C13",
      "C33",
      "C85"
    ],
    "node_cargo": {
      "1": {
        "in": [
          "C33",
          "C85"
        ],
        "out": []
      },
      "2": {
        "in": [],
        "out": [
          "C85"
        ]
      },
      "3": {
        "in": [
          "C13"
        ],
        "out": [
          "C33"
        ]
      },
      "4": {
        "in": [],
        "out": [
          "C13"
        ]
      }
    }
  },
  "T13": {
    "dnode": "N6",
    "anode": "N6",
    "max_capacity": 10000,
    "max_worktime": 780,
    "use": 1,
    "node": [
      "N6",
      "N14",
      "N49",
      "N6"
    ],
    "arrival_time": [
      230,
      363,
      454,
      711
    ],
    "departure_time": [
      230,
      376,
      513,
      742
    ],
    "cargo": [
      "C27",
      "C34",
      "C56",
      "C93"
    ],
    "node_cargo": {
      "1": {
        "in": [
          "C27",
          "C93"
        ],
        "out": []
      },
      "2": {
        "in": [],
        "out": [
          "C93"
        ]
      },
      "3": {
        "in": [
          "C34",
          "C56"
        ],
        "out": [
          "C27"
        ]
      },
      "4": {
        "in": [],
        "out": [
          "C34",
          "C56"
        ]
      }
    }
  },
  "T14": {
    "dnode": "N6",
    "anode": "N17",
    "max_capacity": 10000,
    "max_worktime": 780,
    "use": 1,
    "node": [
      "N6",
      "N27",
      "N16",
      "N17"
    ],
    "arrival_time": [
      401,
      538,
      628,
      750
    ],
    "departure_time": [
      401,
      551,
      686,
      804
    ],
    "cargo": [
      "C36",
      "C45",
      "C51",
      "C60",
      "C63",
      "C65",
      "C84",
      "C100",
      "C145"
    ],
    "node_cargo": {
      "1": {
        "in": [
          "C63",
          "C65",
          "C84"
        ],
        "out": []
      },
      "2": {
        "in": [],
        "out": [
          "C63"
        ]
      },
      "3": {
        "in": [
          "C36",
          "C45",
          "C51",
          "C60",
          "C100",
          "C145"
        ],
        "out": [
          "C65"
        ]
      },
      "4": {
        "in": [],
        "out": [
          "C36",
          "C45",
          "C51",
          "C60",
          "C84",
          "C100",
          "C145"
        ]
      }
    }
  },
  "T15": {
    "dnode": "N6",
    "anode": "N32",
    "max_capacity": 10077,
    "max_worktime": 780,
    "use": 1,
    "node": [
      "N6",
      "N3",
      "N5",
      "N19",
      "N32"
    ],
    "arrival_time": [
      134,
      322,
      399,
      525,
      613
    ],
    "departure_time": [
      134,
      365,
      442,
      563,
      623
    ],
    "cargo": [
      "C1",
      "C21",
      "C89",
      "C103",
      "C111",
      "C124",
      "C135",
      "C159"
    ],
    "node_cargo": {
      "1": {
        "in": [
          "C21",
          "C89",
          "C111"
        ],
        "out": []
      },
      "2": {
        "in": [
          "C1",
          "C103",
          "C135",
          "C159"
        ],
        "out": [
          "C89"
        ]
      },
      "3": {
        "in": [],
        "out": [
          "C1",
          "C103",
          "C111",
          "C135",
          "C159"
        ]
      },
      "4": {
        "in": [
          "C124"
        ],
        "out": [
          "C21"
        ]
      },
      "5": {
        "in": [],
        "out": [
          "C124"
        ]
      }
    }
  },
  "T16": {
    "dnode": "N6",
    "anode": "N45",
    "max_capacity": 10000,
    "max_worktime": 780,
    "use": 1,
    "node": [
      "N6",
      "N36",
      "N30",
      "N20",
      "N21",
      "N45"
    ],
    "arrival_time": [
      145,
      315,
      390,
      437,
      504,
      555
    ],
    "departure_time": [
      145,
      331,
      404,
      456,
      514,
      577
    ],
    "cargo": [
      "C32",
      "C57",
      "C76",
      "C79",
      "C104"
    ],
    "node_cargo": {
      "1": {
        "in": [
          "C32",
          "C57",
          "C76",
          "C79",
          "C104"
        ],
        "out": []
      },
      "2": {
        "in": [],
        "out": [
          "C76"
        ]
      },
      "3": {
        "in": [],
        "out": [
          "C79"
        ]
      },
      "4": {
        "in": [],
        "out": [
          "C32"
        ]
      },
      "5": {
        "in": [],
        "out": [
          "C104"
        ]
      },
      "6": {
        "in": [],
        "out": [
          "C57"
        ]
      }
    }
  },
  "T17": {
    "dnode": "N6",
    "anode": "N24",
    "max_capacity": 10000,
    "max_worktime": 780,
    "use": 1,
    "node": [
      "N6",
      "N50",
      "N28",
      "N47",
      "N24"
    ],
    "arrival_time": [
      143,
      409,
      532,
      593,
      711
    ],
    "departure_time": [
      143,
      438,
      549,
      655,
      767
    ],
    "cargo": [
      "C11",
      "C12",
      "C15",
      "C25",
      "C29",
      "C31",
      "C46",
      "C47",
      "C78",
      "C87",
      "C94",
      "C102",
      "C115",
      "C117",
      "C118",
      "C128",
      "C131",
      "C134",
      "C140",
      "C141",
      "C146",
      "C152",
      "C156",
      "C158",
      "C162",
      "C165"
    ],
    "node_cargo": {
      "1": {
        "in": [
          "C29",
          "C31",
          "C78",
          "C87",
          "C115",
          "C152"
        ],
        "out": []
      },
      "2": {
        "in": [],
        "out": [
          "C29",
          "C31",
          "C115"
        ]
      },
      "3": {
        "in": [],
        "out": [
          "C78"
        ]
      },
      "4": {
        "in": [
          "C11",
          "C12",
          "C15",
          "C25",
          "C46",
          "C47",
          "C94",
          "C102",
          "C117",
          "C118",
          "C128",
          "C131",
          "C134",
          "C140",
          "C141",
          "C146",
          "C156",
          "C158",
          "C162",
          "C165"
        ],
        "out": [
          "C87"
        ]
      },
      "5": {
        "in": [],
        "out": [
          "C11",
          "C12",
          "C15",
          "C25",
          "C46",
          "C47",
          "C94",
          "C102",
          "C117",
          "C118",
          "C128",
          "C131",
          "C134",
          "C140",
          "C141",
          "C146",
          "C152",
          "C156",
          "C158",
          "C162",
          "C165"
        ]
      }
    }
  },
  "T18": {
    "dnode": "N6",
    "anode": "N43",
    "max_capacity": 10000,
    "max_worktime": 726,
    "use": 1,
    "node": [
      "N6",
      "N32",
      "N44",
      "N43"
    ],
    "arrival_time": [
      136,
      311,
      380,
      472
    ],
    "departure_time": [
      136,
      328,
      420,
      533
    ],
    "cargo": [
      "C6",
      "C8",
      "C37",
      "C69",
      "C73",
      "C80",
      "C91",
      "C112",
      "C119",
      "C144"
    ],
    "node_cargo": {
      "1": {
        "in": [
          "C69",
          "C73",
          "C80",
          "C91",
          "C112",
          "C144"
        ],
        "out": []
      },
      "2": {
        "in": [],
        "out": [
          "C69"
        ]
      },
      "3": {
        "in": [
          "C6",
          "C8",
          "C37",
          "C119"
        ],
        "out": [
          "C80"
        ]
      },
      "4": {
        "in": [],
        "out": [
          "C6",
          "C8",
          "C37",
          "C73",
          "C91",
          "C112",
          "C119",
          "C144"
        ]
      }
    }
  },
  "T19": {
    "dnode": "N6",
    "anode": "N6",
    "max_capacity": 10000,
    "max_worktime": 780,
    "use": 1,
    "node": [
      "N6",
      "N7",
      "N8",
      "N6"
    ],
    "arrival_time": [
      65,
      286,
      435,
      598
    ],
    "departure_time": [
      65,
      341,
      456,
      619
    ],
    "cargo": [
      "C4",
      "C5",
      "C53",
      "C61",
      "C62",
      "C74",
      "C83",
      "C92",
      "C98",
      "C106",
      "C147",
      "C148",
      "C149",
      "C153",
      "C154"
    ],
    "node_cargo": {
      "1": {
        "in": [
          "C61",
          "C62",
          "C74",
          "C83",
          "C92",
          "C98",
          "C106",
          "C147",
          "C148",
          "C149",
          "C154"
        ],
        "out": []
      },
      "2": {
        "in": [],
        "out": [
          "C61",
          "C62",
          "C74",
          "C83",
          "C92",
          "C98",
          "C106",
          "C147",
          "C148",
          "C149",
          "C154"
        ]
      },
      "3": {
        "in": [
          "C4",
          "C5",
          "C53",
          "C153"
        ],
        "out": []
      },
      "4": {
        "in": [],
        "out": [
          "C4",
          "C5",
          "C53",
          "C153"
        ]
      }
    }
  }
}