{
  "T1": {
    "dnode": "N7",
    "anode": "N30",
    "max_capacity": 10000,
    "max_worktime": 780,
    "use": 1,
    "node": [
      "N7",
      "N19",
      "N30"
    ],
    "arrival_time": [
      13,
      204,
      530
    ],
    "departure_time": [
      13,
      289,
      578
    ],
    "cargo": [
      "C4",
      "C21",
      "C28",
      "C40",
      "C42",
      "C45",
      "C50",
      "C95",
      "C96",
      "C125",
      "C133",
      "C161",
      "C167",
      "C178",
      "C195",
      "C198",
      "C231",
      "C234",
      "C239",
      "C252",
      "C253"
    ],
    "node_cargo": {
      "1": {
        "in": [
          "C4",
          "C21",
          "C96",
          "C133",
          "C167",
          "C178",
          "C231",
          "C253"
        ],
        "out": []
      },
      "2": {
        "in": [
          "C28",
          "C40",
          "C42",
          "C45",
          "C50",
          "C95",
          "C125",
          "C161",
          "C195",
          "C198",
          "C234",
          "C239",
          "C252"
        ],
        "out": [
          "C4",
          "C21",
          "C96",
          "C167",
          "C178",
          "C231",
          "C253"
        ]
      },
      "3": {
        "in": [],
        "out": [
          "C28",
          "C40",
          "C42",
          "C45",
          "C50",
          "C95",
          "C125",
          "C133",
          "C161",
          "C195",
          "C198",
          "C234",
          "C239",
          "C252"
        ]
      }
    }
  },
  "T2": {
    "dnode": "N7",
    "anode": "N13",
    "max_capacity": 10000,
    "max_worktime": 780,
    "use": 1,
    "node": [
      "N7",
      "N14",
      "N17",
      "N13"
    ],
    "arrival_time": [
      20,
      333,
      469,
      512
    ],
    "departure_time": [
      20,
      398,
      488,
      534
    ],
    "cargo": [
      "C18",
      "C19",
      "C25",
      "C33",
      "C101",
      "C180",
      "C182",
      "C183",
      "C184",
      "C186",
      "C191",
      "C233"
    ],
    "node_cargo": {
      "1": {
        "in": [
          "C18",
          "C19",
          "C25",
          "C33",
          "C101",
          "C180",
          "C182",
          "C183",
          "C184",
          "C186",
          "C191",
          "C233"
        ],
        "out": []
      },
      "2": {
        "in": [],
        "out": [
          "C18",
          "C33",
          "C101",
          "C180",
          "C182",
          "C183",
          "C184",
          "C186",
          "C191",
          "C233"
        ]
      },
      "3": {
        "in": [],
        "out": [
          "C25"
        ]
      },
      "4": {
        "in": [],
        "out": [
          "C19"
        ]
      }
    }
  },
  "T3": {
    "dnode": "N5",
    "anode": "N28",
    "max_capacity": 10000,
    "max_worktime": 780,
    "use": 1,
    "node": [
      "N5",
      "N18",
      "N22",
      "N20",
      "N21",
      "N28"
    ],
    "arrival_time": [
      108,
      312,
      382,
      435,
      510,
      616
    ],
    "departure_time": [
      108,
      338,
      414,
      474,
      577,
      689
    ],
    "cargo": [
      "C10",
      "C38",
      "C47",
      "C79",
      "C87",
      "C97",
      "C99",
      "C127",
      "C144",
      "C148",
      "C154",
      "C176",
      "C209",
      "C212",
      "C215",
      "C255"
    ],
    "node_cargo": {
      "1": {
        "in": [
          "C47",
          "C79",
          "C87",
          "C97",
          "C148",
          "C255"
        ],
        "out": []
      },
      "2": {
        "in": [],
        "out": [
          "C47"
        ]
      },
      "3": {
        "in": [],
        "out": [
          "C87"
        ]
      },
      "4": {
        "in": [],
        "out": [
          "C79",
          "C148",
          "C255"
        ]
      },
      "5": {
        "in": [
          "C10",
          "C38",
          "C99",
          "C127",
          "C144",
          "C154",
          "C176",
          "C209",
          "C212",
          "C215"
        ],
        "out": []
      },
      "6": {
        "in": [],
        "out": [
          "C10",
          "C38",
          "C97",
          "C99",
          "C127",
          "C144",
          "C154",
          "C176",
          "C209",
          "C212",
          "C215"
        ]
      }
    }
  },
  "T4": {
    "dnode": "N5",
    "anode": "N32",
    "max_capacity": 11499,
    "max_worktime": 780,
    "use": 1,
    "node": [
      "N5",
      "N19",
      "N32"
    ],
    "arrival_time": [
      61,
      260,
      550
    ],
    "departure_time": [
      61,
      370,
      644
    ],
    "cargo": [
      "C4",
      "C36",
      "C43",
      "C49",
      "C76",
      "C84",
      "C91",
      "C94",
      "C106",
      "C107",
      "C112",
      "C125",
      "C126",
      "C137",
      "C205",
      "C213",
      "C240"
    ],
    "node_cargo": {
      "1": {
        "in": [
          "C36",
          "C76",
          "C84",
          "C107",
          "C112",
          "C125",
          "C126",
          "C205",
          "C213",
          "C240"
        ],
        "out": []
      },
      "2": {
        "in": [
          "C4",
          "C43",
          "C49",
          "C91",
          "C94",
          "C106",
          "C137"
        ],
        "out": [
          "C36",
          "C76",
          "C107",
          "C112",
          "C125",
          "C126",
          "C205",
          "C213",
          "C240"
        ]
      },
      "3": {
        "in": [],
        "out": [
          "C4",
          "C43",
          "C49",
          "C84",
          "C91",
          "C94",
          "C106",
          "C137"
        ]
      }
    }
  },
  "T5": {
    "dnode": "N5",
    "anode": "N4",
    "max_capacity": 12247,
    "max_worktime": 780,
    "use": 1,
    "node": [
      "N5",
      "N4"
    ],
    "arrival_time": [
      19,
      399
    ],
    "departure_time": [
      19,
      536
    ],
    "cargo": [
      "C44",
      "C80",
      "C81",
      "C98",
      "C108",
      "C111",
      "C113",
      "C116",
      "C143",
      "C151",
      "C164",
      "C165",
      "C168",
      "C204",
      "C220",
      "C223",
      "C242"
    ],
    "node_cargo": {
      "1": {
        "in": [
          "C44",
          "C80",
          "C81",
          "C98",
          "C108",
          "C111",
          "C113",
          "C116",
          "C143",
          "C151",
          "C164",
          "C165",
          "C168",
          "C204",
          "C220",
          "C223",
          "C242"
        ],
        "out": []
      },
      "2": {
        "in": [],
        "out": [
          "C44",
          "C80",
          "C81",
          "C98",
          "C108",
          "C111",
          "C113",
          "C116",
          "C143",
          "C151",
          "C164",
          "C165",
          "C168",
          "C204",
          "C220",
          "C223",
          "C242"
        ]
      }
    }
  },
  "T6": {
    "dnode": "N5",
    "anode": "N16",
    "max_capacity": 10000,
    "max_worktime": 780,
    "use": 1,
    "node": [
      "N5",
      "N6",
      "N24",
      "N16"
    ],
    "arrival_time": [
      49,
      131,
      193,
      478
    ],
    "departure_time": [
      49,
      162,
      223,
      503
    ],
    "cargo": [
      "C41",
      "C73",
      "C75"
    ],
    "node_cargo": {
      "1": {
        "in": [
          "C41",
          "C73",
          "C75"
        ],
        "out": []
      },
      "2": {
        "in": [],
        "out": [
          "C73"
        ]
      },
      "3": {
        "in": [],
        "out": [
          "C41"
        ]
      },
      "4": {
        "in": [],
        "out": [
          "C75"
        ]
      }
    }
  },
  "T7": {
    "dnode": "N5",
    "anode": "N27",
    "max_capacity": 10000,
    "max_worktime": 780,
    "use": 1,
    "node": [
      "N5",
      "N31",
      "N25",
      "N12",
      "N27"
    ],
    "arrival_time": [
      33,
      135,
      192,
      335,
      382
    ],
    "departure_time": [
      33,
      165,
      205,
      354,
      429
    ],
    "cargo": [
      "C34",
      "C74",
      "C119",
      "C141",
      "C203",
      "C206"
    ],
    "node_cargo": {
      "1": {
        "in": [
          "C34",
          "C74",
          "C119",
          "C141",
          "C203",
          "C206"
        ],
        "out": []
      },
      "2": {
        "in": [],
        "out": [
          "C34"
        ]
      },
      "3": {
        "in": [],
        "out": [
          "C119"
        ]
      },
      "4": {
        "in": [],
        "out": [
          "C141"
        ]
      },
      "5": {
        "in": [],
        "out": [
          "C74",
          "C203",
          "C206"
        ]
      }
    }
  },
  "T8": {
    "dnode": "N5",
    "anode": "N14",
    "max_capacity": 10000,
    "max_worktime": 780,
    "use": 1,
    "node": [
      "N5",
      "N14"
    ],
    "arrival_time": [
      18,
      339
    ],
    "departure_time": [
      18,
      413
    ],
    "cargo": [
      "C48",
      "C77",
      "C85",
      "C86",
      "C163",
      "C171"
    ],
    "node_cargo": {
      "1": {
        "in": [
          "C48",
          "C77",
          "C85",
          "C86",
          "C163",
          "C171"
        ],
        "out": []
      },
      "2": {
        "in": [],
        "out": [
          "C48",
          "C77",
          "C85",
          "C86",
          "C163",
          "C171"
        ]
      }
    }
  },
  "T9": {
    "dnode": "N5",
    "anode": "N23",
    "max_capacity": 10000,
    "max_worktime": 780,
    "use": 1,
    "node": [
      "N5",
      "N15",
      "N23"
    ],
    "arrival_time": [
      20,
      352,
      443
    ],
    "departure_time": [
      20,
      409,
      460
    ],
    "cargo": [
      "C46",
      "C78",
      "C114",
      "C118",
      "C149",
      "C166",
      "C221"
    ],
    "node_cargo": {
      "1": {
        "in": [
          "C46",
          "C78",
          "C114",
          "C118",
          "C149",
          "C166",
          "C221"
        ],
        "out": []
      },
      "2": {
        "in": [],
        "out": [
          "C46",
          "C78",
          "C114",
          "C149",
          "C166",
          "C221"
        ]
      },
      "3": {
        "in": [],
        "out": [
          "C118"
        ]
      }
    }
  },
  "T10": {
    "dnode": "N5",
    "anode": "N13",
    "max_capacity": 10000,
    "max_worktime": 780,
    "use": 1,
    "node": [
      "N5",
      "N21",
      "N8",
      "N17",
      "N13"
    ],
    "arrival_time": [
      18,
      290,
      376,
      480,
      536
    ],
    "departure_time": [
      18,
      332,
      408,
      512,
      552
    ],
    "cargo": [
      "C35",
      "C39",
      "C82",
      "C83",
      "C117",
      "C142",
      "C241"
    ],
    "node_cargo": {
      "1": {
        "in": [
          "C35",
          "C39",
          "C82",
          "C83",
          "C117",
          "C142",
          "C241"
        ],
        "out": []
      },
      "2": {
        "in": [],
        "out": [
          "C83",
          "C117",
          "C241"
        ]
      },
      "3": {
        "in": [],
        "out": [
          "C35",
          "C142"
        ]
      },
      "4": {
        "in": [],
        "out": [
          "C39"
        ]
      },
      "5": {
        "in": [],
        "out": [
          "C82"
        ]
      }
    }
  },
  "T11": {
    "dnode": "N10",
    "anode": "N14",
    "max_capacity": 12553,
    "max_worktime": 709,
    "use": 1,
    "node": [
      "N10",
      "N19",
      "N14"
    ],
    "arrival_time": [
      108,
      289,
      516
    ],
    "departure_time": [
      108,
      369,
      583
    ],
    "cargo": [
      "C9",
      "C11",
      "C12",
      "C20",
      "C30",
      "C31",
      "C32",
      "C45",
      "C88",
      "C139",
      "C140",
      "C145",
      "C147",
      "C152",
      "C155",
      "C156",
      "C170",
      "C222",
      "C232",
      "C235"
    ],
    "node_cargo": {
      "1": {
        "in": [
          "C9",
          "C11",
          "C12",
          "C20",
          "C30",
          "C31",
          "C32",
          "C45",
          "C88",
          "C139",
          "C140",
          "C145",
          "C147",
          "C152",
          "C155",
          "C156",
          "C170",
          "C222",
          "C232",
          "C235"
        ],
        "out": []
      },
      "2": {
        "in": [],
        "out": [
          "C9",
          "C11",
          "C12",
          "C31",
          "C32",
          "C45",
          "C145",
          "C147",
          "C170",
          "C222"
        ]
      },
      "3": {
        "in": [],
        "out": [
          "C20",
          "C30",
          "C88",
          "C139",
          "C140",
          "C152",
          "C155",
          "C156",
          "C232",
          "C235"
        ]
      }
    }
  },
  "T12": {
    "dnode": "N10",
    "anode": "N20",
    "max_capacity": 10000,
    "max_worktime": 780,
    "use": 1,
    "node": [
      "N10",
      "N33",
      "N27",
      "N22",
      "N20"
    ],
    "arrival_time": [
      48,
      99,
      212,
      404,
      479
    ],
    "departure_time": [
      48,
      117,
      305,
      458,
      503
    ],
    "cargo": [
      "C14",
      "C93",
      "C115",
      "C121",
      "C131",
      "C138",
      "C146",
      "C157",
      "C174",
      "C207",
      "C246",
      "C249",
      "C251"
    ],
    "node_cargo": {
      "1": {
        "in": [
          "C14",
          "C115",
          "C121",
          "C131",
          "C138",
          "C146",
          "C157",
          "C207",
          "C249",
          "C251"
        ],
        "out": []
      },
      "2": {
        "in": [],
        "out": [
          "C14"
        ]
      },
      "3": {
        "in": [
          "C93",
          "C174",
          "C246"
        ],
        "out": [
          "C115",
          "C121",
          "C131",
          "C146",
          "C207",
          "C249"
        ]
      },
      "4": {
        "in": [],
        "out": [
          "C93",
          "C138",
          "C174",
          "C246"
        ]
      },
      "5": {
        "in": [],
        "out": [
          "C157",
          "C251"
        ]
      }
    }
  },
  "T13": {
    "dnode": "N10",
    "anode": "N17",
    "max_capacity": 10000,
    "max_worktime": 780,
    "use": 1,
    "node": [
      "N10",
      "N21",
      "N15",
      "N17"
    ],
    "arrival_time": [
      55,
      309,
      421,
      514
    ],
    "departure_time": [
      55,
      350,
      449,
      547
    ],
    "cargo": [
      "C13",
      "C29",
      "C89",
      "C90",
      "C120",
      "C122",
      "C128",
      "C153",
      "C177",
      "C214",
      "C228",
      "C230",
      "C243",
      "C256"
    ],
    "node_cargo": {
      "1": {
        "in": [
          "C13",
          "C29",
          "C89",
          "C90",
          "C120",
          "C122",
          "C128",
          "C153",
          "C177",
          "C214",
          "C228",
          "C230",
          "C243",
          "C256"
        ],
        "out": []
      },
      "2": {
        "in": [],
        "out": [
          "C29",
          "C90",
          "C120",
          "C177",
          "C228",
          "C230"
        ]
      },
      "3": {
        "in": [],
        "out": [
          "C89",
          "C122",
          "C128",
          "C214",
          "C243",
          "C256"
        ]
      },
      "4": {
        "in": [],
        "out": [
          "C13",
          "C153"
        ]
      }
    }
  },
  "T14": {
    "dnode": "N11",
    "anode": "N22",
    "max_capacity": 10000,
    "max_worktime": 780,
    "use": 1,
    "node": [
      "N11",
      "N7",
      "N27",
      "N22"
    ],
    "arrival_time": [
      33,
      77,
      275,
      444
    ],
    "departure_time": [
      33,
      125,
      345,
      482
    ],
    "cargo": [
      "C1",
      "C27",
      "C52",
      "C57",
      "C58",
      "C189",
      "C211"
    ],
    "node_cargo": {
      "1": {
        "in": [
          "C52",
          "C57",
          "C58",
          "C211"
        ],
        "out": []
      },
      "2": {
        "in": [
          "C1",
          "C27",
          "C189"
        ],
        "out": []
      },
      "3": {
        "in": [],
        "out": [
          "C27",
          "C52",
          "C57",
          "C189",
          "C211"
        ]
      },
      "4": {
        "in": [],
        "out": [
          "C1",
          "C58"
        ]
      }
    }
  },
  "T15": {
    "dnode": "N11",
    "anode": "N26",
    "max_capacity": 10000,
    "max_worktime": 780,
    "use": 1,
    "node": [
      "N11",
      "N7",
      "N15",
      "N26"
    ],
    "arrival_time": [
      52,
      96,
      471,
      612
    ],
    "departure_time": [
      52,
      147,
      562,
      656
    ],
    "cargo": [
      "C16",
      "C22",
      "C24",
      "C51",
      "C104",
      "C130",
      "C132",
      "C134",
      "C159",
      "C181",
      "C192",
      "C197",
      "C210",
      "C225",
      "C237",
      "C244",
      "C247",
      "C250"
    ],
    "node_cargo": {
      "1": {
        "in": [
          "C159",
          "C210",
          "C237"
        ],
        "out": []
      },
      "2": {
        "in": [
          "C16",
          "C24",
          "C51",
          "C104",
          "C134",
          "C181",
          "C192",
          "C247"
        ],
        "out": []
      },
      "3": {
        "in": [
          "C22",
          "C130",
          "C132",
          "C197",
          "C225",
          "C244",
          "C250"
        ],
        "out": [
          "C16",
          "C24",
          "C51",
          "C104",
          "C134",
          "C159",
          "C181",
          "C210",
          "C247"
        ]
      },
      "4": {
        "in": [],
        "out": [
          "C22",
          "C130",
          "C132",
          "C192",
          "C197",
          "C225",
          "C237",
          "C244",
          "C250"
        ]
      }
    }
  },
  "T16": {
    "dnode": "N11",
    "anode": "N17",
    "max_capacity": 10000,
    "max_worktime": 780,
    "use": 1,
    "node": [
      "N11",
      "N7",
      "N2",
      "N17"
    ],
    "arrival_time": [
      0,
      44,
      417,
      485
    ],
    "departure_time": [
      0,
      61,
      437,
      514
    ],
    "cargo": [
      "C54",
      "C100",
      "C110",
      "C124",
      "C254"
    ],
    "node_cargo": {
      "1": {
        "in": [
          "C54",
          "C110",
          "C124"
        ],
        "out": []
      },
      "2": {
        "in": [
          "C100",
          "C254"
        ],
        "out": []
      },
      "3": {
        "in": [],
        "out": [
          "C54",
          "C100",
          "C254"
        ]
      },
      "4": {
        "in": [],
        "out": [
          "C110",
          "C124"
        ]
      }
    }
  },
  "T17": {
    "dnode": "N11",
    "anode": "N16",
    "max_capacity": 10000,
    "max_worktime": 780,
    "use": 1,
    "node": [
      "N11",
      "N14",
      "N16"
    ],
    "arrival_time": [
      1,
      341,
      428
    ],
    "departure_time": [
      1,
      394,
      458
    ],
    "cargo": [
      "C60",
      "C62",
      "C63",
      "C65",
      "C92",
      "C123",
      "C129",
      "C182",
      "C201",
      "C245"
    ],
    "node_cargo": {
      "1": {
        "in": [
          "C60",
          "C62",
          "C63",
          "C65",
          "C123",
          "C129",
          "C201",
          "C245"
        ],
        "out": []
      },
      "2": {
        "in": [
          "C92",
          "C182"
        ],
        "out": [
          "C60",
          "C63",
          "C65",
          "C123",
          "C129",
          "C201",
          "C245"
        ]
      },
      "3": {
        "in": [],
        "out": [
          "C62",
          "C92",
          "C182"
        ]
      }
    }
  },
  "T18": {
    "dnode": "N11",
    "anode": "N23",
    "max_capacity": 10000,
    "max_worktime": 780,
    "use": 1,
    "node": [
      "N11",
      "N7",
      "N18",
      "N20",
      "N1",
      "N23"
    ],
    "arrival_time": [
      20,
      64,
      286,
      370,
      496,
      547
    ],
    "departure_time": [
      20,
      90,
      321,
      396,
      511,
      576
    ],
    "cargo": [
      "C7",
      "C23",
      "C26",
      "C55",
      "C56",
      "C67",
      "C190"
    ],
    "node_cargo": {
      "1": {
        "in": [
          "C7",
          "C26",
          "C55",
          "C56",
          "C67"
        ],
        "out": []
      },
      "2": {
        "in": [
          "C23",
          "C190"
        ],
        "out": []
      },
      "3": {
        "in": [],
        "out": [
          "C7",
          "C23",
          "C190"
        ]
      },
      "4": {
        "in": [],
        "out": [
          "C55",
          "C56"
        ]
      },
      "5": {
        "in": [],
        "out": [
          "C67"
        ]
      },
      "6": {
        "in": [],
        "out": [
          "C26"
        ]
      }
    }
  },
  "T19": {
    "dnode": "N11",
    "anode": "N3",
    "max_capacity": 10000,
    "max_worktime": 780,
    "use": 1,
    "node": [
      "N11",
      "N9",
      "N4",
      "N3"
    ],
    "arrival_time": [
      61,
      463,
      582,
      730
    ],
    "departure_time": [
      61,
      552,
      670,
      794
    ],
    "cargo": [
      "C3",
      "C5",
      "C6",
      "C17",
      "C37",
      "C68",
      "C69",
      "C70",
      "C71",
      "C72",
      "C105",
      "C109",
      "C150",
      "C158",
      "C160",
      "C162",
      "C169",
      "C172",
      "C173",
      "C175",
      "C187",
      "C188",
      "C208",
      "C216",
      "C218",
      "C219",
      "C227",
      "C229",
      "C236"
    ],
    "node_cargo": {
      "1": {
        "in": [
          "C3",
          "C5",
          "C6",
          "C68",
          "C69",
          "C70",
          "C71",
          "C72",
          "C109",
          "C158"
        ],
        "out": []
      },
      "2": {
        "in": [
          "C17",
          "C37",
          "C105",
          "C160",
          "C162",
          "C173",
          "C175",
          "C187",
          "C188",
          "C208",
          "C216",
          "C218",
          "C236"
        ],
        "out": [
          "C3",
          "C5",
          "C6",
          "C68",
          "C69",
          "C109"
        ]
      },
      "3": {
        "in": [
          "C150",
          "C169",
          "C172",
          "C219",
          "C227",
          "C229"
        ],
        "out": [
          "C37",
          "C70",
          "C71",
          "C72",
          "C105",
          "C160",
          "C162",
          "C173",
          "C175",
          "C187",
          "C188",
          "C208",
          "C216",
          "C218",
          "C236"
        ]
      },
      "4": {
        "in": [],
        "out": [
          "C17",
          "C150",
          "C158",
          "C169",
          "C172",
          "C219",
          "C227",
          "C229"
        ]
      }
    }
  },
  "T20": {
    "dnode": "N11",
    "anode": "N15",
    "max_capacity": 10368,
    "max_worktime": 780,
    "use": 1,
    "node": [
      "N11",
      "N19",
      "N15"
    ],
    "arrival_time": [
      11,
      227,
      447
    ],
    "departure_time": [
      11,
      289,
      509
    ],
    "cargo": [
      "C8",
      "C15",
      "C59",
      "C64",
      "C66",
      "C199",
      "C200",
      "C202",
      "C224"
    ],
    "node_cargo": {
      "1": {
        "in": [
          "C8",
          "C15",
          "C59",
          "C64",
          "C66",
          "C199",
          "C200",
          "C202",
          "C224"
        ],
        "out": []
      },
      "2": {
        "in": [],
        "out": [
          "C8",
          "C59",
          "C64",
          "C66",
          "C199",
          "C200",
          "C202",
          "C224"
        ]
      },
      "3": {
        "in": [],
        "out": [
          "C15"
        ]
      }
    }
  },
  "T21": {
    "dnode": "N11",
    "anode": "N29",
    "max_capacity": 10000,
    "max_worktime": 780,
    "use": 1,
    "node": [
      "N11",
      "N7",
      "N20",
      "N21",
      "N29"
    ],
    "arrival_time": [
      25,
      69,
      360,
      427,
      515
    ],
    "departure_time": [
      25,
      122,
      391,
      471,
      549
    ],
    "cargo": [
      "C2",
      "C53",
      "C61",
      "C102",
      "C103",
      "C135",
      "C136",
      "C179",
      "C185",
      "C193",
      "C194",
      "C196",
      "C217",
      "C226",
      "C238",
      "C248"
    ],
    "node_cargo": {
      "1": {
        "in": [
          "C2",
          "C53",
          "C61",
          "C238"
        ],
        "out": []
      },
      "2": {
        "in": [
          "C102",
          "C103",
          "C135",
          "C179",
          "C185",
          "C193",
          "C194",
          "C217"
        ],
        "out": []
      },
      "3": {
        "in": [],
        "out": [
          "C103",
          "C193",
          "C194"
        ]
      },
      "4": {
        "in": [
          "C136",
          "C196",
          "C226",
          "C248"
        ],
        "out": [
          "C2",
          "C61",
          "C102",
          "C135",
          "C185",
          "C217",
          "C238"
        ]
      },
      "5": {
        "in": [],
        "out": [
          "C53",
          "C136",
          "C179",
          "C196",
          "C226",
          "C248"
        ]
      }
    }
  }
}