{
  "C1": {
    "size": 1405,
    "lb_time": 29,
    "ub_time": 783,
    "dnode": "N24",
    "anode": "N17",
    "use": 1,
    "node": [
      "N24",
      "N17"
    ],
    "truck": [
      "T10"
    ],
    "nb_route": [
      [
        1,
        2
      ]
    ],
    "arrival_time": [
      29,
      484
    ],
    "departure_time": [
      29,
      560
    ]
  },
  "C2": {
    "size": 1951,
    "lb_time": 4,
    "ub_time": 783,
    "dnode": "N24",
    "anode": "N14",
    "use": 1,
    "node": [
      "N24",
      "N14"
    ],
    "truck": [
      "T12"
    ],
    "nb_route": [
      [
        1,
        2
      ]
    ],
    "arrival_time": [
      4,
      476
    ],
    "departure_time": [
      4,
      523
    ]
  },
  "C3": {
    "size": 147,
    "lb_time": 4,
    "ub_time": 552,
    "dnode": "N24",
    "anode": "N14",
    "use": 1,
    "node": [
      "N24",
      "N14"
    ],
    "truck": [
      "T12"
    ],
    "nb_route": [
      [
        1,
        2
      ]
    ],
    "arrival_time": [
      4,
      476
    ],
    "departure_time": [
      4,
      523
    ]
  },
  "C4": {
    "size": 1051,
    "lb_time": 107,
    "ub_time": 783,
    "dnode": "N21",
    "anode": "N15",
    "use": 1,
    "node": [
      "N21",
      "N18",
      "N15"
    ],
    "truck": [
      "T4",
      "T4"
    ],
    "nb_route": [
      [
        1,
        2
      ],
      [
        2,
        3
      ]
    ],
    "arrival_time": [
      107,
      532,
      607
    ],
    "departure_time": [
      107,
      571,
      627
    ]
  },
  "C5": {
    "size": 2541,
    "lb_time": 61,
    "ub_time": 783,
    "dnode": "N21",
    "anode": "N20",
    "use": 1,
    "node": [
      "N21",
      "N20"
    ],
    "truck": [
      "T6"
    ],
    "nb_route": [
      [
        1,
        2
      ]
    ],
    "arrival_time": [
      61,
      508
    ],
    "departure_time": [
      61,
      540
    ]
  },
  "C6": {
    "size": 1761,
    "lb_time": 29,
    "ub_time": 783,
    "dnode": "N24",
    "anode": "N18",
    "use": 1,
    "node": [
      "N24",
      "N17",
      "N18"
    ],
    "truck": [
      "T10",
      "T10"
    ],
    "nb_route": [
      [
        1,
        2
      ],
      [
        2,
        3
      ]
    ],
    "arrival_time": [
      29,
      484,
      591
    ],
    "departure_time": [
      29,
      560,
      651
    ]
  },
  "C7": {
    "size": 1740,
    "lb_time": 66,
    "ub_time": 799,
    "dnode": "N21",
    "anode": "N6",
    "use": 1,
    "node": [
      "N21",
      "N23",
      "N6"
    ],
    "truck": [
      "T1",
      "T1"
    ],
    "nb_route": [
      [
        1,
        2
      ],
      [
        2,
        3
      ]
    ],
    "arrival_time": [
      66,
      501,
      534
    ],
    "departure_time": [
      66,
      534,
      570
    ]
  },
  "C8": {
    "size": 877,
    "lb_time": 66,
    "ub_time": 840,
    "dnode": "N21",
    "anode": "N6",
    "use": 1,
    "node": [
      "N21",
      "N23",
      "N6"
    ],
    "truck": [
      "T1",
      "T1"
    ],
    "nb_route": [
      [
        1,
        2
      ],
      [
        2,
        3
      ]
    ],
    "arrival_time": [
      66,
      501,
      534
    ],
    "departure_time": [
      66,
      534,
      570
    ]
  },
  "C9": {
    "size": 186,
    "lb_time": 502,
    "ub_time": 783,
    "dnode": "N17",
    "anode": "N18",
    "use": 1,
    "node": [
      "N17",
      "N18"
    ],
    "truck": [
      "T10"
    ],
    "nb_route": [
      [
        2,
        3
      ]
    ],
    "arrival_time": [
      484,
      591
    ],
    "departure_time": [
      560,
      651
    ]
  },
  "C10": {
    "size": 3466,
    "lb_time": 107,
    "ub_time": 783,
    "dnode": "N21",
    "anode": "N18",
    "use": 1,
    "node": [
      "N21",
      "N18"
    ],
    "truck": [
      "T4"
    ],
    "nb_route": [
      [
        1,
        2
      ]
    ],
    "arrival_time": [
      107,
      532
    ],
    "departure_time": [
      107,
      571
    ]
  },
  "C11": {
    "size": 6546,
    "lb_time": 77,
    "ub_time": 783,
    "dnode": "N21",
    "anode": "N8",
    "use": 1,
    "node": [
      "N21",
      "N8"
    ],
    "truck": [
      "T2"
    ],
    "nb_route": [
      [
        1,
        2
      ]
    ],
    "arrival_time": [
      77,
      538
    ],
    "departure_time": [
      77,
      605
    ]
  },
  "C12": {
    "size": 5409,
    "lb_time": 107,
    "ub_time": 857,
    "dnode": "N21",
    "anode": "N9",
    "use": 1,
    "node": [
      "N21",
      "N18",
      "N15",
      "N9"
    ],
    "truck": [
      "T4",
      "T4",
      "T4"
    ],
    "nb_route": [
      [
        1,
        2
      ],
      [
        2,
        3
      ],
      [
        3,
        4
      ]
    ],
    "arrival_time": [
      107,
      532,
      607,
      666
    ],
    "departure_time": [
      107,
      571,
      627,
      720
    ]
  },
  "C13": {
    "size": 873,
    "lb_time": 524,
    "ub_time": 783,
    "dnode": "N17",
    "anode": "N18",
    "use": 1,
    "node": [
      "N17",
      "N18"
    ],
    "truck": [
      "T10"
    ],
    "nb_route": [
      [
        2,
        3
      ]
    ],
    "arrival_time": [
      484,
      591
    ],
    "departure_time": [
      560,
      651
    ]
  },
  "C14": {
    "size": 1153,
    "lb_time": 29,
    "ub_time": 528,
    "dnode": "N24",
    "anode": "N17",
    "use": 1,
    "node": [
      "N24",
      "N17"
    ],
    "truck": [
      "T10"
    ],
    "nb_route": [
      [
        1,
        2
      ]
    ],
    "arrival_time": [
      29,
      484
    ],
    "departure_time": [
      29,
      560
    ]
  },
  "C15": {
    "size": 4959,
    "lb_time": 118,
    "ub_time": 783,
    "dnode": "N21",
    "anode": "N19",
    "use": 1,
    "node": [
      "N21",
      "N22",
      "N10",
      "N19"
    ],
    "truck": [
      "T5",
      "T5",
      "T5"
    ],
    "nb_route": [
      [
        1,
        2
      ],
      [
        2,
        3
      ],
      [
        3,
        4
      ]
    ],
    "arrival_time": [
      118,
      287,
      560,
      605
    ],
    "departure_time": [
      118,
      306,
      579,
      665
    ]
  },
  "C16": {
    "size": 1332,
    "lb_time": 5,
    "ub_time": 783,
    "dnode": "N24",
    "anode": "N25",
    "use": 1,
    "node": [
      "N24",
      "N6",
      "N23",
      "N8",
      "N25"
    ],
    "truck": [
      "T16",
      "T16",
      "T16",
      "T16"
    ],
    "nb_route": [
      [
        1,
        2
      ],
      [
        2,
        3
      ],
      [
        3,
        4
      ],
      [
        4,
        5
      ]
    ],
    "arrival_time": [
      51,
      504,
      531,
      611,
      730
    ],
    "departure_time": [
      51,
      531,
      555,
      668,
      778
    ]
  },
  "C17": {
    "size": 290,
    "lb_time": 0,
    "ub_time": 878,
    "dnode": "N24",
    "anode": "N7",
    "use": 1,
    "node": [
      "N24",
      "N7"
    ],
    "truck": [
      "T11"
    ],
    "nb_route": [
      [
        1,
        2
      ]
    ],
    "arrival_time": [
      0,
      513
    ],
    "departure_time": [
      0,
      568
    ]
  },
  "C18": {
    "size": 2810,
    "lb_time": 4,
    "ub_time": 783,
    "dnode": "N24",
    "anode": "N9",
    "use": 1,
    "node": [
      "N24",
      "N14",
      "N9"
    ],
    "truck": [
      "T12",
      "T12"
    ],
    "nb_route": [
      [
        1,
        2
      ],
      [
        2,
        3
      ]
    ],
    "arrival_time": [
      4,
      476,
      563
    ],
    "departure_time": [
      4,
      523,
      611
    ]
  },
  "C19": {
    "size": 1505,
    "lb_time": 12,
    "ub_time": 620,
    "dnode": "N24",
    "anode": "N3",
    "use": 1,
    "node": [
      "N24",
      "N3"
    ],
    "truck": [
      "T15"
    ],
    "nb_route": [
      [
        1,
        2
      ]
    ],
    "arrival_time": [
      12,
      479
    ],
    "departure_time": [
      12,
      541
    ]
  },
  "C20": {
    "size": 1499,
    "lb_time": 75,
    "ub_time": 783,
    "dnode": "N21",
    "anode": "N3",
    "use": 1,
    "node": [
      "N21",
      "N11",
      "N14",
      "N3"
    ],
    "truck": [
      "T3",
      "T3",
      "T3"
    ],
    "nb_route": [
      [
        1,
        2
      ],
      [
        2,
        3
      ],
      [
        3,
        4
      ]
    ],
    "arrival_time": [
      75,
      521,
      566,
      652
    ],
    "departure_time": [
      75,
      538,
      626,
      675
    ]
  },
  "C21": {
    "size": 233,
    "lb_time": 93,
    "ub_time": 676,
    "dnode": "N21",
    "anode": "N13",
    "use": 1,
    "node": [
      "N21",
      "N13"
    ],
    "truck": [
      "T8"
    ],
    "nb_route": [
      [
        1,
        2
      ]
    ],
    "arrival_time": [
      93,
      553
    ],
    "departure_time": [
      93,
      601
    ]
  },
  "C22": {
    "size": 884,
    "lb_time": 118,
    "ub_time": 783,
    "dnode": "N21",
    "anode": "N22",
    "use": 1,
    "node": [
      "N21",
      "N22"
    ],
    "truck": [
      "T5"
    ],
    "nb_route": [
      [
        1,
        2
      ]
    ],
    "arrival_time": [
      118,
      287
    ],
    "departure_time": [
      118,
      306
    ]
  },
  "C23": {
    "size": 3253,
    "lb_time": 96,
    "ub_time": 804,
    "dnode": "N21",
    "anode": "N4",
    "use": 1,
    "node": [
      "N21",
      "N5",
      "N16",
      "N4"
    ],
    "truck": [
      "T7",
      "T7",
      "T7"
    ],
    "nb_route": [
      [
        1,
        2
      ],
      [
        2,
        3
      ],
      [
        3,
        4
      ]
    ],
    "arrival_time": [
      96,
      531,
      624,
      710
    ],
    "departure_time": [
      96,
      554,
      661,
      749
    ]
  },
  "C24": {
    "size": 3915,
    "lb_time": 93,
    "ub_time": 783,
    "dnode": "N21",
    "anode": "N13",
    "use": 1,
    "node": [
      "N21",
      "N13"
    ],
    "truck": [
      "T8"
    ],
    "nb_route": [
      [
        1,
        2
      ]
    ],
    "arrival_time": [
      93,
      553
    ],
    "departure_time": [
      93,
      601
    ]
  },
  "C25": {
    "size": 109,
    "lb_time": 66,
    "ub_time": 899,
    "dnode": "N21",
    "anode": "N6",
    "use": 1,
    "node": [
      "N21",
      "N23",
      "N6"
    ],
    "truck": [
      "T1",
      "T1"
    ],
    "nb_route": [
      [
        1,
        2
      ],
      [
        2,
        3
      ]
    ],
    "arrival_time": [
      66,
      501,
      534
    ],
    "departure_time": [
      66,
      534,
      570
    ]
  },
  "C26": {
    "size": 1113,
    "lb_time": 93,
    "ub_time": 834,
    "dnode": "N21",
    "anode": "N7",
    "use": 1,
    "node": [
      "N21",
      "N13",
      "N7"
    ],
    "truck": [
      "T8",
      "T8"
    ],
    "nb_route": [
      [
        1,
        2
      ],
      [
        2,
        3
      ]
    ],
    "arrival_time": [
      93,
      553,
      689
    ],
    "departure_time": [
      93,
      601,
      714
    ]
  },
  "C27": {
    "size": 2752,
    "lb_time": 66,
    "ub_time": 783,
    "dnode": "N21",
    "anode": "N23",
    "use": 1,
    "node": [
      "N21",
      "N23"
    ],
    "truck": [
      "T1"
    ],
    "nb_route": [
      [
        1,
        2
      ]
    ],
    "arrival_time": [
      66,
      501
    ],
    "departure_time": [
      66,
      534
    ]
  },
  "C28": {
    "size": 1084,
    "lb_time": 71,
    "ub_time": 783,
    "dnode": "N21",
    "anode": "N1",
    "use": 1,
    "node": [
      "N21",
      "N27",
      "N2",
      "N1"
    ],
    "truck": [
      "T9",
      "T9",
      "T9"
    ],
    "nb_route": [
      [
        1,
        2
      ],
      [
        2,
        3
      ],
      [
        3,
        4
      ]
    ],
    "arrival_time": [
      71,
      387,
      463,
      508
    ],
    "departure_time": [
      71,
      415,
      478,
      554
    ]
  },
  "C29": {
    "size": 3248,
    "lb_time": 96,
    "ub_time": 783,
    "dnode": "N21",
    "anode": "N16",
    "use": 1,
    "node": [
      "N21",
      "N5",
      "N16"
    ],
    "truck": [
      "T7",
      "T7"
    ],
    "nb_route": [
      [
        1,
        2
      ],
      [
        2,
        3
      ]
    ],
    "arrival_time": [
      96,
      531,
      624
    ],
    "departure_time": [
      96,
      554,
      661
    ]
  },
  "C30": {
    "size": 648,
    "lb_time": 75,
    "ub_time": 783,
    "dnode": "N21",
    "anode": "N11",
    "use": 1,
    "node": [
      "N21",
      "N11"
    ],
    "truck": [
      "T3"
    ],
    "nb_route": [
      [
        1,
        2
      ]
    ],
    "arrival_time": [
      75,
      521
    ],
    "departure_time": [
      75,
      538
    ]
  },
  "C31": {
    "size": 6154,
    "lb_time": 75,
    "ub_time": 783,
    "dnode": "N21",
    "anode": "N14",
    "use": 1,
    "node": [
      "N21",
      "N11",
      "N14"
    ],
    "truck": [
      "T3",
      "T3"
    ],
    "nb_route": [
      [
        1,
        2
      ],
      [
        2,
        3
      ]
    ],
    "arrival_time": [
      75,
      521,
      566
    ],
    "departure_time": [
      75,
      538,
      626
    ]
  },
  "C32": {
    "size": 969,
    "lb_time": 71,
    "ub_time": 783,
    "dnode": "N21",
    "anode": "N27",
    "use": 1,
    "node": [
      "N21",
      "N27"
    ],
    "truck": [
      "T9"
    ],
    "nb_route": [
      [
        1,
        2
      ]
    ],
    "arrival_time": [
      71,
      387
    ],
    "departure_time": [
      71,
      415
    ]
  },
  "C33": {
    "size": 1499,
    "lb_time": 96,
    "ub_time": 783,
    "dnode": "N21",
    "anode": "N5",
    "use": 1,
    "node": [
      "N21",
      "N5"
    ],
    "truck": [
      "T7"
    ],
    "nb_route": [
      [
        1,
        2
      ]
    ],
    "arrival_time": [
      96,
      531
    ],
    "departure_time": [
      96,
      554
    ]
  },
  "C34": {
    "size": 95,
    "lb_time": 71,
    "ub_time": 619,
    "dnode": "N21",
    "anode": "N1",
    "use": 1,
    "node": [
      "N21",
      "N27",
      "N2",
      "N1"
    ],
    "truck": [
      "T9",
      "T9",
      "T9"
    ],
    "nb_route": [
      [
        1,
        2
      ],
      [
        2,
        3
      ],
      [
        3,
        4
      ]
    ],
    "arrival_time": [
      71,
      387,
      463,
      508
    ],
    "departure_time": [
      71,
      415,
      478,
      554
    ]
  },
  "C35": {
    "size": 3537,
    "lb_time": 61,
    "ub_time": 783,
    "dnode": "N21",
    "anode": "N26",
    "use": 1,
    "node": [
      "N21",
      "N20",
      "N26"
    ],
    "truck": [
      "T6",
      "T6"
    ],
    "nb_route": [
      [
        1,
        2
      ],
      [
        2,
        3
      ]
    ],
    "arrival_time": [
      61,
      508,
      584
    ],
    "departure_time": [
      61,
      540,
      623
    ]
  },
  "C36": {
    "size": 888,
    "lb_time": 71,
    "ub_time": 678,
    "dnode": "N21",
    "anode": "N1",
    "use": 1,
    "node": [
      "N21",
      "N27",
      "N2",
      "N1"
    ],
    "truck": [
      "T9",
      "T9",
      "T9"
    ],
    "nb_route": [
      [
        1,
        2
      ],
      [
        2,
        3
      ],
      [
        3,
        4
      ]
    ],
    "arrival_time": [
      71,
      387,
      463,
      508
    ],
    "departure_time": [
      71,
      415,
      478,
      554
    ]
  },
  "C37": {
    "size": 450,
    "lb_time": 499,
    "ub_time": 783,
    "dnode": "N8",
    "anode": "N25",
    "use": 1,
    "node": [
      "N8",
      "N25"
    ],
    "truck": [
      "T16"
    ],
    "nb_route": [
      [
        4,
        5
      ]
    ],
    "arrival_time": [
      611,
      730
    ],
    "departure_time": [
      668,
      778
    ]
  },
  "C38": {
    "size": 20,
    "lb_time": 46,
    "ub_time": 995,
    "dnode": "N24",
    "anode": "N6",
    "use": 1,
    "node": [
      "N24",
      "N1",
      "N6"
    ],
    "truck": [
      "T14",
      "T14"
    ],
    "nb_route": [
      [
        1,
        2
      ],
      [
        2,
        3
      ]
    ],
    "arrival_time": [
      46,
      415,
      576
    ],
    "departure_time": [
      46,
      478,
      596
    ]
  },
  "C39": {
    "size": 2473,
    "lb_time": 61,
    "ub_time": 783,
    "dnode": "N21",
    "anode": "N17",
    "use": 1,
    "node": [
      "N21",
      "N20",
      "N26",
      "N17"
    ],
    "truck": [
      "T6",
      "T6",
      "T6"
    ],
    "nb_route": [
      [
        1,
        2
      ],
      [
        2,
        3
      ],
      [
        3,
        4
      ]
    ],
    "arrival_time": [
      61,
      508,
      584,
      634
    ],
    "departure_time": [
      61,
      540,
      623,
      665
    ]
  },
  "C40": {
    "size": 954,
    "lb_time": 118,
    "ub_time": 783,
    "dnode": "N21",
    "anode": "N10",
    "use": 1,
    "node": [
      "N21",
      "N22",
      "N10"
    ],
    "truck": [
      "T5",
      "T5"
    ],
    "nb_route": [
      [
        1,
        2
      ],
      [
        2,
        3
      ]
    ],
    "arrival_time": [
      118,
      287,
      560
    ],
    "departure_time": [
      118,
      306,
      579
    ]
  },
  "C41": {
    "size": 262,
    "lb_time": 46,
    "ub_time": 840,
    "dnode": "N24",
    "anode": "N6",
    "use": 1,
    "node": [
      "N24",
      "N1",
      "N6"
    ],
    "truck": [
      "T14",
      "T14"
    ],
    "nb_route": [
      [
        1,
        2
      ],
      [
        2,
        3
      ]
    ],
    "arrival_time": [
      46,
      415,
      576
    ],
    "departure_time": [
      46,
      478,
      596
    ]
  },
  "C42": {
    "size": 200,
    "lb_time": 11,
    "ub_time": 944,
    "dnode": "N24",
    "anode": "N7",
    "use": 1,
    "node": [
      "N24",
      "N7"
    ],
    "truck": [
      "T13"
    ],
    "nb_route": [
      [
        1,
        2
      ]
    ],
    "arrival_time": [
      11,
      524
    ],
    "departure_time": [
      11,
      565
    ]
  },
  "C43": {
    "size": 2091,
    "lb_time": 480,
    "ub_time": 783,
    "dnode": "N17",
    "anode": "N18",
    "use": 1,
    "node": [
      "N17",
      "N18"
    ],
    "truck": [
      "T10"
    ],
    "nb_route": [
      [
        2,
        3
      ]
    ],
    "arrival_time": [
      484,
      591
    ],
    "departure_time": [
      560,
      651
    ]
  },
  "C44": {
    "size": 382,
    "lb_time": 11,
    "ub_time": 829,
    "dnode": "N24",
    "anode": "N7",
    "use": 1,
    "node": [
      "N24",
      "N7"
    ],
    "truck": [
      "T13"
    ],
    "nb_route": [
      [
        1,
        2
      ]
    ],
    "arrival_time": [
      11,
      524
    ],
    "departure_time": [
      11,
      565
    ]
  },
  "C45": {
    "size": 50,
    "lb_time": 46,
    "ub_time": 520,
    "dnode": "N24",
    "anode": "N1",
    "use": 1,
    "node": [
      "N24",
      "N1"
    ],
    "truck": [
      "T14"
    ],
    "nb_route": [
      [
        1,
        2
      ]
    ],
    "arrival_time": [
      46,
      415
    ],
    "departure_time": [
      46,
      478
    ]
  },
  "C46": {
    "size": 1,
    "lb_time": 46,
    "ub_time": 1445,
    "dnode": "N24",
    "anode": "N23",
    "use": 1,
    "node": [
      "N24",
      "N1",
      "N6",
      "N23"
    ],
    "truck": [
      "T14",
      "T14",
      "T14"
    ],
    "nb_route": [
      [
        1,
        2
      ],
      [
        2,
        3
      ],
      [
        3,
        4
      ]
    ],
    "arrival_time": [
      46,
      415,
      576,
      596
    ],
    "departure_time": [
      46,
      478,
      596,
      608
    ]
  },
  "C47": {
    "size": 268,
    "lb_time": 0,
    "ub_time": 571,
    "dnode": "N24",
    "anode": "N7",
    "use": 1,
    "node": [
      "N24",
      "N7"
    ],
    "truck": [
      "T11"
    ],
    "nb_route": [
      [
        1,
        2
      ]
    ],
    "arrival_time": [
      0,
      513
    ],
    "departure_time": [
      0,
      568
    ]
  },
  "C48": {
    "size": 667,
    "lb_time": 46,
    "ub_time": 485,
    "dnode": "N24",
    "anode": "N1",
    "use": 1,
    "node": [
      "N24",
      "N1"
    ],
    "truck": [
      "T14"
    ],
    "nb_route": [
      [
        1,
        2
      ]
    ],
    "arrival_time": [
      46,
      415
    ],
    "departure_time": [
      46,
      478
    ]
  },
  "C49": {
    "size": 744,
    "lb_time": 5,
    "ub_time": 899,
    "dnode": "N24",
    "anode": "N6",
    "use": 1,
    "node": [
      "N24",
      "N6"
    ],
    "truck": [
      "T16"
    ],
    "nb_route": [
      [
        1,
        2
      ]
    ],
    "arrival_time": [
      51,
      504
    ],
    "departure_time": [
      51,
      531
    ]
  },
  "C50": {
    "size": 1209,
    "lb_time": 46,
    "ub_time": 490,
    "dnode": "N24",
    "anode": "N1",
    "use": 1,
    "node": [
      "N24",
      "N1"
    ],
    "truck": [
      "T14"
    ],
    "nb_route": [
      [
        1,
        2
      ]
    ],
    "arrival_time": [
      46,
      415
    ],
    "departure_time": [
      46,
      478
    ]
  },
  "C51": {
    "size": 524,
    "lb_time": 46,
    "ub_time": 486,
    "dnode": "N24",
    "anode": "N1",
    "use": 1,
    "node": [
      "N24",
      "N1"
    ],
    "truck": [
      "T14"
    ],
    "nb_route": [
      [
        1,
        2
      ]
    ],
    "arrival_time": [
      46,
      415
    ],
    "departure_time": [
      46,
      478
    ]
  },
  "C52": {
    "size": 670,
    "lb_time": 46,
    "ub_time": 472,
    "dnode": "N24",
    "anode": "N1",
    "use": 1,
    "node": [
      "N24",
      "N1"
    ],
    "truck": [
      "T14"
    ],
    "nb_route": [
      [
        1,
        2
      ]
    ],
    "arrival_time": [
      46,
      415
    ],
    "departure_time": [
      46,
      478
    ]
  },
  "C53": {
    "size": 30,
    "lb_time": 581,
    "ub_time": 783,
    "dnode": "N8",
    "anode": "N25",
    "use": 1,
    "node": [
      "N8",
      "N25"
    ],
    "truck": [
      "T16"
    ],
    "nb_route": [
      [
        4,
        5
      ]
    ],
    "arrival_time": [
      611,
      730
    ],
    "departure_time": [
      668,
      778
    ]
  },
  "C54": {
    "size": 195,
    "lb_time": 5,
    "ub_time": 783,
    "dnode": "N24",
    "anode": "N6",
    "use": 1,
    "node": [
      "N24",
      "N6"
    ],
    "truck": [
      "T16"
    ],
    "nb_route": [
      [
        1,
        2
      ]
    ],
    "arrival_time": [
      51,
      504
    ],
    "departure_time": [
      51,
      531
    ]
  },
  "C55": {
    "size": 610,
    "lb_time": 12,
    "ub_time": 627,
    "dnode": "N24",
    "anode": "N3",
    "use": 1,
    "node": [
      "N24",
      "N3"
    ],
    "truck": [
      "T15"
    ],
    "nb_route": [
      [
        1,
        2
      ]
    ],
    "arrival_time": [
      12,
      479
    ],
    "departure_time": [
      12,
      541
    ]
  },
  "C56": {
    "size": 1969,
    "lb_time": 12,
    "ub_time": 783,
    "dnode": "N24",
    "anode": "N3",
    "use": 1,
    "node": [
      "N24",
      "N3"
    ],
    "truck": [
      "T15"
    ],
    "nb_route": [
      [
        1,
        2
      ]
    ],
    "arrival_time": [
      12,
      479
    ],
    "departure_time": [
      12,
      541
    ]
  },
  "C57": {
    "size": 14,
    "lb_time": 29,
    "ub_time": 586,
    "dnode": "N24",
    "anode": "N17",
    "use": 1,
    "node": [
      "N24",
      "N17"
    ],
    "truck": [
      "T10"
    ],
    "nb_route": [
      [
        1,
        2
      ]
    ],
    "arrival_time": [
      29,
      484
    ],
    "departure_time": [
      29,
      560
    ]
  },
  "C58": {
    "size": 364,
    "lb_time": 11,
    "ub_time": 969,
    "dnode": "N24",
    "anode": "N7",
    "use": 1,
    "node": [
      "N24",
      "N7"
    ],
    "truck": [
      "T13"
    ],
    "nb_route": [
      [
        1,
        2
      ]
    ],
    "arrival_time": [
      11,
      524
    ],
    "departure_time": [
      11,
      565
    ]
  },
  "C59": {
    "size": 462,
    "lb_time": 71,
    "ub_time": 783,
    "dnode": "N21",
    "anode": "N2",
    "use": 1,
    "node": [
      "N21",
      "N27",
      "N2"
    ],
    "truck": [
      "T9",
      "T9"
    ],
    "nb_route": [
      [
        1,
        2
      ],
      [
        2,
        3
      ]
    ],
    "arrival_time": [
      71,
      387,
      463
    ],
    "departure_time": [
      71,
      415,
      478
    ]
  },
  "C60": {
    "size": 560,
    "lb_time": 46,
    "ub_time": 528,
    "dnode": "N24",
    "anode": "N1",
    "use": 1,
    "node": [
      "N24",
      "N1"
    ],
    "truck": [
      "T14"
    ],
    "nb_route": [
      [
        1,
        2
      ]
    ],
    "arrival_time": [
      46,
      415
    ],
    "departure_time": [
      46,
      478
    ]
  },
  "C61": {
    "size": 2750,
    "lb_time": 12,
    "ub_time": 783,
    "dnode": "N24",
    "anode": "N16",
    "use": 1,
    "node": [
      "N24",
      "N3",
      "N16"
    ],
    "truck": [
      "T15",
      "T15"
    ],
    "nb_route": [
      [
        1,
        2
      ],
      [
        2,
        3
      ]
    ],
    "arrival_time": [
      12,
      479,
      605
    ],
    "departure_time": [
      12,
      541,
      638
    ]
  },
  "C62": {
    "size": 2020,
    "lb_time": 0,
    "ub_time": 783,
    "dnode": "N24",
    "anode": "N7",
    "use": 1,
    "node": [
      "N24",
      "N7"
    ],
    "truck": [
      "T11"
    ],
    "nb_route": [
      [
        1,
        2
      ]
    ],
    "arrival_time": [
      0,
      513
    ],
    "departure_time": [
      0,
      568
    ]
  },
  "C63": {
    "size": 435,
    "lb_time": 46,
    "ub_time": 531,
    "dnode": "N24",
    "anode": "N1",
    "use": 1,
    "node": [
      "N24",
      "N1"
    ],
    "truck": [
      "T14"
    ],
    "nb_route": [
      [
        1,
        2
      ]
    ],
    "arrival_time": [
      46,
      415
    ],
    "departure_time": [
      46,
      478
    ]
  },
  "C64": {
    "size": 988,
    "lb_time": 490,
    "ub_time": 2223,
    "dnode": "N14",
    "anode": "N9",
    "use": 1,
    "node": [
      "N14",
      "N9"
    ],
    "truck": [
      "T12"
    ],
    "nb_route": [
      [
        2,
        3
      ]
    ],
    "arrival_time": [
      476,
      563
    ],
    "departure_time": [
      523,
      611
    ]
  },
  "C65": {
    "size": 790,
    "lb_time": 118,
    "ub_time": 919,
    "dnode": "N21",
    "anode": "N19",
    "use": 1,
    "node": [
      "N21",
      "N22",
      "N10",
      "N19"
    ],
    "truck": [
      "T5",
      "T5",
      "T5"
    ],
    "nb_route": [
      [
        1,
        2
      ],
      [
        2,
        3
      ],
      [
        3,
        4
      ]
    ],
    "arrival_time": [
      118,
      287,
      560,
      605
    ],
    "departure_time": [
      118,
      306,
      579,
      665
    ]
  },
  "C66": {
    "size": 53,
    "lb_time": 118,
    "ub_time": 438,
    "dnode": "N21",
    "anode": "N22",
    "use": 1,
    "node": [
      "N21",
      "N22"
    ],
    "truck": [
      "T5"
    ],
    "nb_route": [
      [
        1,
        2
      ]
    ],
    "arrival_time": [
      118,
      287
    ],
    "departure_time": [
      118,
      306
    ]
  },
  "C67": {
    "size": 480,
    "lb_time": 71,
    "ub_time": 613,
    "dnode": "N21",
    "anode": "N1",
    "use": 1,
    "node": [
      "N21",
      "N27",
      "N2",
      "N1"
    ],
    "truck": [
      "T9",
      "T9",
      "T9"
    ],
    "nb_route": [
      [
        1,
        2
      ],
      [
        2,
        3
      ],
      [
        3,
        4
      ]
    ],
    "arrival_time": [
      71,
      387,
      463,
      508
    ],
    "departure_time": [
      71,
      415,
      478,
      554
    ]
  },
  "C68": {
    "size": 499,
    "lb_time": 533,
    "ub_time": 783,
    "dnode": "N17",
    "anode": "N18",
    "use": 1,
    "node": [
      "N17",
      "N18"
    ],
    "truck": [
      "T10"
    ],
    "nb_route": [
      [
        2,
        3
      ]
    ],
    "arrival_time": [
      484,
      591
    ],
    "departure_time": [
      560,
      651
    ]
  },
  "C69": {
    "size": 423,
    "lb_time": 71,
    "ub_time": 679,
    "dnode": "N21",
    "anode": "N1",
    "use": 1,
    "node": [
      "N21",
      "N27",
      "N2",
      "N1"
    ],
    "truck": [
      "T9",
      "T9",
      "T9"
    ],
    "nb_route": [
      [
        1,
        2
      ],
      [
        2,
        3
      ],
      [
        3,
        4
      ]
    ],
    "arrival_time": [
      71,
      387,
      463,
      508
    ],
    "departure_time": [
      71,
      415,
      478,
      554
    ]
  },
  "C70": {
    "size": 210,
    "lb_time": 96,
    "ub_time": 919,
    "dnode": "N21",
    "anode": "N4",
    "use": 1,
    "node": [
      "N21",
      "N5",
      "N16",
      "N4"
    ],
    "truck": [
      "T7",
      "T7",
      "T7"
    ],
    "nb_route": [
      [
        1,
        2
      ],
      [
        2,
        3
      ],
      [
        3,
        4
      ]
    ],
    "arrival_time": [
      96,
      531,
      624,
      710
    ],
    "departure_time": [
      96,
      554,
      661,
      749
    ]
  },
  "C71": {
    "size": 1138,
    "lb_time": 77,
    "ub_time": 783,
    "dnode": "N21",
    "anode": "N25",
    "use": 1,
    "node": [
      "N8",
      "N25"
    ],
    "truck": [
      "T16"
    ],
    "nb_route": [
      [
        4,
        5
      ]
    ],
    "arrival_time": [
      611,
      730
    ],
    "departure_time": [
      668,
      778
    ]
  },
  "C72": {
    "size": 246,
    "lb_time": 29,
    "ub_time": 570,
    "dnode": "N24",
    "anode": "N17",
    "use": 1,
    "node": [
      "N24",
      "N17"
    ],
    "truck": [
      "T10"
    ],
    "nb_route": [
      [
        1,
        2
      ]
    ],
    "arrival_time": [
      29,
      484
    ],
    "departure_time": [
      29,
      560
    ]
  },
  "C73": {
    "size": 386,
    "lb_time": 29,
    "ub_time": 542,
    "dnode": "N24",
    "anode": "N17",
    "use": 1,
    "node": [
      "N24",
      "N17"
    ],
    "truck": [
      "T10"
    ],
    "nb_route": [
      [
        1,
        2
      ]
    ],
    "arrival_time": [
      29,
      484
    ],
    "departure_time": [
      29,
      560
    ]
  },
  "C74": {
    "size": 1078,
    "lb_time": 71,
    "ub_time": 623,
    "dnode": "N21",
    "anode": "N1",
    "use": 1,
    "node": [
      "N21",
      "N27",
      "N2",
      "N1"
    ],
    "truck": [
      "T9",
      "T9",
      "T9"
    ],
    "nb_route": [
      [
        1,
        2
      ],
      [
        2,
        3
      ],
      [
        3,
        4
      ]
    ],
    "arrival_time": [
      71,
      387,
      463,
      508
    ],
    "departure_time": [
      71,
      415,
      478,
      554
    ]
  },
  "C75": {
    "size": 567,
    "lb_time": 93,
    "ub_time": 890,
    "dnode": "N21",
    "anode": "N7",
    "use": 1,
    "node": [
      "N21",
      "N13",
      "N7"
    ],
    "truck": [
      "T8",
      "T8"
    ],
    "nb_route": [
      [
        1,
        2
      ],
      [
        2,
        3
      ]
    ],
    "arrival_time": [
      93,
      553,
      689
    ],
    "departure_time": [
      93,
      601,
      714
    ]
  },
  "C76": {
    "size": 329,
    "lb_time": 494,
    "ub_time": 783,
    "dnode": "N17",
    "anode": "N18",
    "use": 1,
    "node": [
      "N17",
      "N18"
    ],
    "truck": [
      "T10"
    ],
    "nb_route": [
      [
        2,
        3
      ]
    ],
    "arrival_time": [
      484,
      591
    ],
    "departure_time": [
      560,
      651
    ]
  },
  "C77": {
    "size": 250,
    "lb_time": 551,
    "ub_time": 783,
    "dnode": "N8",
    "anode": "N25",
    "use": 1,
    "node": [
      "N8",
      "N25"
    ],
    "truck": [
      "T16"
    ],
    "nb_route": [
      [
        4,
        5
      ]
    ],
    "arrival_time": [
      611,
      730
    ],
    "departure_time": [
      668,
      778
    ]
  },
  "C78": {
    "size": 85,
    "lb_time": 554,
    "ub_time": 2223,
    "dnode": "N17",
    "anode": "N18",
    "use": 1,
    "node": [
      "N17",
      "N18"
    ],
    "truck": [
      "T10"
    ],
    "nb_route": [
      [
        2,
        3
      ]
    ],
    "arrival_time": [
      484,
      591
    ],
    "departure_time": [
      560,
      651
    ]
  },
  "C79": {
    "size": 290,
    "lb_time": 11,
    "ub_time": 945,
    "dnode": "N24",
    "anode": "N7",
    "use": 1,
    "node": [
      "N24",
      "N7"
    ],
    "truck": [
      "T13"
    ],
    "nb_route": [
      [
        1,
        2
      ]
    ],
    "arrival_time": [
      11,
      524
    ],
    "departure_time": [
      11,
      565
    ]
  },
  "C80": {
    "size": 210,
    "lb_time": 0,
    "ub_time": 865,
    "dnode": "N24",
    "anode": "N7",
    "use": 1,
    "node": [
      "N24",
      "N7"
    ],
    "truck": [
      "T11"
    ],
    "nb_route": [
      [
        1,
        2
      ]
    ],
    "arrival_time": [
      0,
      513
    ],
    "departure_time": [
      0,
      568
    ]
  },
  "C81": {
    "size": 744,
    "lb_time": 46,
    "ub_time": 559,
    "dnode": "N24",
    "anode": "N1",
    "use": 1,
    "node": [
      "N24",
      "N1"
    ],
    "truck": [
      "T14"
    ],
    "nb_route": [
      [
        1,
        2
      ]
    ],
    "arrival_time": [
      46,
      415
    ],
    "departure_time": [
      46,
      478
    ]
  },
  "C82": {
    "size": 2503,
    "lb_time": 5,
    "ub_time": 783,
    "dnode": "N24",
    "anode": "N8",
    "use": 1,
    "node": [
      "N24",
      "N6",
      "N23",
      "N8"
    ],
    "truck": [
      "T16",
      "T16",
      "T16"
    ],
    "nb_route": [
      [
        1,
        2
      ],
      [
        2,
        3
      ],
      [
        3,
        4
      ]
    ],
    "arrival_time": [
      51,
      504,
      531,
      611
    ],
    "departure_time": [
      51,
      531,
      555,
      668
    ]
  },
  "C83": {
    "size": 76,
    "lb_time": 46,
    "ub_time": 485,
    "dnode": "N24",
    "anode": "N1",
    "use": 1,
    "node": [
      "N24",
      "N1"
    ],
    "truck": [
      "T14"
    ],
    "nb_route": [
      [
        1,
        2
      ]
    ],
    "arrival_time": [
      46,
      415
    ],
    "departure_time": [
      46,
      478
    ]
  },
  "C84": {
    "size": 826,
    "lb_time": 12,
    "ub_time": 766,
    "dnode": "N24",
    "anode": "N3",
    "use": 1,
    "node": [
      "N24",
      "N3"
    ],
    "truck": [
      "T15"
    ],
    "nb_route": [
      [
        1,
        2
      ]
    ],
    "arrival_time": [
      12,
      479
    ],
    "departure_time": [
      12,
      541
    ]
  },
  "C85": {
    "size": 502,
    "lb_time": 11,
    "ub_time": 984,
    "dnode": "N24",
    "anode": "N7",
    "use": 1,
    "node": [
      "N24",
      "N7"
    ],
    "truck": [
      "T13"
    ],
    "nb_route": [
      [
        1,
        2
      ]
    ],
    "arrival_time": [
      11,
      524
    ],
    "departure_time": [
      11,
      565
    ]
  },
  "C86": {
    "size": 410,
    "lb_time": 0,
    "ub_time": 935,
    "dnode": "N24",
    "anode": "N7",
    "use": 1,
    "node": [
      "N24",
      "N7"
    ],
    "truck": [
      "T11"
    ],
    "nb_route": [
      [
        1,
        2
      ]
    ],
    "arrival_time": [
      0,
      513
    ],
    "departure_time": [
      0,
      568
    ]
  },
  "C87": {
    "size": 307,
    "lb_time": 4,
    "ub_time": 545,
    "dnode": "N24",
    "anode": "N14",
    "use": 1,
    "node": [
      "N24",
      "N14"
    ],
    "truck": [
      "T12"
    ],
    "nb_route": [
      [
        1,
        2
      ]
    ],
    "arrival_time": [
      4,
      476
    ],
    "departure_time": [
      4,
      523
    ]
  },
  "C88": {
    "size": 44,
    "lb_time": 668,
    "ub_time": 2223,
    "dnode": "N8",
    "anode": "N25",
    "use": 1,
    "node": [
      "N8",
      "N25"
    ],
    "truck": [
      "T16"
    ],
    "nb_route": [
      [
        4,
        5
      ]
    ],
    "arrival_time": [
      611,
      730
    ],
    "departure_time": [
      668,
      778
    ]
  },
  "C89": {
    "size": 401,
    "lb_time": 77,
    "ub_time": 879,
    "dnode": "N21",
    "anode": "N8",
    "use": 1,
    "node": [
      "N21",
      "N8"
    ],
    "truck": [
      "T2"
    ],
    "nb_route": [
      [
        1,
        2
      ]
    ],
    "arrival_time": [
      77,
      538
    ],
    "departure_time": [
      77,
      605
    ]
  },
  "C90": {
    "size": 1076,
    "lb_time": 71,
    "ub_time": 469,
    "dnode": "N21",
    "anode": "N27",
    "use": 1,
    "node": [
      "N21",
      "N27"
    ],
    "truck": [
      "T9"
    ],
    "nb_route": [
      [
        1,
        2
      ]
    ],
    "arrival_time": [
      71,
      387
    ],
    "departure_time": [
      71,
      415
    ]
  },
  "C91": {
    "size": 28,
    "lb_time": 11,
    "ub_time": 997,
    "dnode": "N24",
    "anode": "N7",
    "use": 1,
    "node": [
      "N24",
      "N7"
    ],
    "truck": [
      "T13"
    ],
    "nb_route": [
      [
        1,
        2
      ]
    ],
    "arrival_time": [
      11,
      524
    ],
    "departure_time": [
      11,
      565
    ]
  },
  "C92": {
    "size": 40,
    "lb_time": 4,
    "ub_time": 551,
    "dnode": "N24",
    "anode": "N14",
    "use": 1,
    "node": [
      "N24",
      "N14"
    ],
    "truck": [
      "T12"
    ],
    "nb_route": [
      [
        1,
        2
      ]
    ],
    "arrival_time": [
      4,
      476
    ],
    "departure_time": [
      4,
      523
    ]
  },
  "C93": {
    "size": 153,
    "lb_time": 46,
    "ub_time": 783,
    "dnode": "N24",
    "anode": "N1",
    "use": 1,
    "node": [
      "N24",
      "N1"
    ],
    "truck": [
      "T14"
    ],
    "nb_route": [
      [
        1,
        2
      ]
    ],
    "arrival_time": [
      46,
      415
    ],
    "departure_time": [
      46,
      478
    ]
  },
  "C94": {
    "size": 60,
    "lb_time": 5,
    "ub_time": 567,
    "dnode": "N24",
    "anode": "N6",
    "use": 1,
    "node": [
      "N24",
      "N6"
    ],
    "truck": [
      "T16"
    ],
    "nb_route": [
      [
        1,
        2
      ]
    ],
    "arrival_time": [
      51,
      504
    ],
    "departure_time": [
      51,
      531
    ]
  },
  "C95": {
    "size": 359,
    "lb_time": 5,
    "ub_time": 569,
    "dnode": "N24",
    "anode": "N6",
    "use": 1,
    "node": [
      "N24",
      "N6"
    ],
    "truck": [
      "T16"
    ],
    "nb_route": [
      [
        1,
        2
      ]
    ],
    "arrival_time": [
      51,
      504
    ],
    "departure_time": [
      51,
      531
    ]
  },
  "C96": {
    "size": 269,
    "lb_time": 5,
    "ub_time": 783,
    "dnode": "N24",
    "anode": "N23",
    "use": 1,
    "node": [
      "N24",
      "N6",
      "N23"
    ],
    "truck": [
      "T16",
      "T16"
    ],
    "nb_route": [
      [
        1,
        2
      ],
      [
        2,
        3
      ]
    ],
    "arrival_time": [
      51,
      504,
      531
    ],
    "departure_time": [
      51,
      531,
      555
    ]
  },
  "C97": {
    "size": 189,
    "lb_time": 0,
    "ub_time": 808,
    "dnode": "N24",
    "anode": "N7",
    "use": 1,
    "node": [
      "N24",
      "N7"
    ],
    "truck": [
      "T11"
    ],
    "nb_route": [
      [
        1,
        2
      ]
    ],
    "arrival_time": [
      0,
      513
    ],
    "departure_time": [
      0,
      568
    ]
  },
  "C98": {
    "size": 860,
    "lb_time": 0,
    "ub_time": 941,
    "dnode": "N24",
    "anode": "N7",
    "use": 1,
    "node": [
      "N24",
      "N7"
    ],
    "truck": [
      "T11"
    ],
    "nb_route": [
      [
        1,
        2
      ]
    ],
    "arrival_time": [
      0,
      513
    ],
    "departure_time": [
      0,
      568
    ]
  },
  "C99": {
    "size": 280,
    "lb_time": 0,
    "ub_time": 950,
    "dnode": "N24",
    "anode": "N7",
    "use": 1,
    "node": [
      "N24",
      "N7"
    ],
    "truck": [
      "T11"
    ],
    "nb_route": [
      [
        1,
        2
      ]
    ],
    "arrival_time": [
      0,
      513
    ],
    "departure_time": [
      0,
      568
    ]
  },
  "C100": {
    "size": 607,
    "lb_time": 46,
    "ub_time": 465,
    "dnode": "N24",
    "anode": "N1",
    "use": 1,
    "node": [
      "N24",
      "N1"
    ],
    "truck": [
      "T14"
    ],
    "nb_route": [
      [
        1,
        2
      ]
    ],
    "arrival_time": [
      46,
      415
    ],
    "departure_time": [
      46,
      478
    ]
  },
  "C101": {
    "size": 120,
    "lb_time": 431,
    "ub_time": 783,
    "dnode": "N17",
    "anode": "N18",
    "use": 1,
    "node": [
      "N17",
      "N18"
    ],
    "truck": [
      "T10"
    ],
    "nb_route": [
      [
        2,
        3
      ]
    ],
    "arrival_time": [
      484,
      591
    ],
    "departure_time": [
      560,
      651
    ]
  },
  "C102": {
    "size": 136,
    "lb_time": 118,
    "ub_time": 783,
    "dnode": "N21",
    "anode": "N19",
    "use": 1,
    "node": [
      "N21",
      "N22",
      "N10",
      "N19"
    ],
    "truck": [
      "T5",
      "T5",
      "T5"
    ],
    "nb_route": [
      [
        1,
        2
      ],
      [
        2,
        3
      ],
      [
        3,
        4
      ]
    ],
    "arrival_time": [
      118,
      287,
      560,
      605
    ],
    "departure_time": [
      118,
      306,
      579,
      665
    ]
  },
  "C103": {
    "size": 25,
    "lb_time": 66,
    "ub_time": 902,
    "dnode": "N21",
    "anode": "N6",
    "use": 1,
    "node": [
      "N21",
      "N23",
      "N6"
    ],
    "truck": [
      "T1",
      "T1"
    ],
    "nb_route": [
      [
        1,
        2
      ],
      [
        2,
        3
      ]
    ],
    "arrival_time": [
      66,
      501,
      534
    ],
    "departure_time": [
      66,
      534,
      570
    ]
  },
  "C104": {
    "size": 1156,
    "lb_time": 12,
    "ub_time": 766,
    "dnode": "N24",
    "anode": "N3",
    "use": 1,
    "node": [
      "N24",
      "N3"
    ],
    "truck": [
      "T15"
    ],
    "nb_route": [
      [
        1,
        2
      ]
    ],
    "arrival_time": [
      12,
      479
    ],
    "departure_time": [
      12,
      541
    ]
  },
  "C105": {
    "size": 282,
    "lb_time": 5,
    "ub_time": 598,
    "dnode": "N24",
    "anode": "N23",
    "use": 1,
    "node": [
      "N24",
      "N6",
      "N23"
    ],
    "truck": [
      "T16",
      "T16"
    ],
    "nb_route": [
      [
        1,
        2
      ],
      [
        2,
        3
      ]
    ],
    "arrival_time": [
      51,
      504,
      531
    ],
    "departure_time": [
      51,
      531,
      555
    ]
  },
  "C106": {
    "size": 130,
    "lb_time": 11,
    "ub_time": 890,
    "dnode": "N24",
    "anode": "N7",
    "use": 1,
    "node": [
      "N24",
      "N7"
    ],
    "truck": [
      "T13"
    ],
    "nb_route": [
      [
        1,
        2
      ]
    ],
    "arrival_time": [
      11,
      524
    ],
    "departure_time": [
      11,
      565
    ]
  },
  "C107": {
    "size": 228,
    "lb_time": 46,
    "ub_time": 916,
    "dnode": "N24",
    "anode": "N6",
    "use": 1,
    "node": [
      "N24",
      "N1",
      "N6"
    ],
    "truck": [
      "T14",
      "T14"
    ],
    "nb_route": [
      [
        1,
        2
      ],
      [
        2,
        3
      ]
    ],
    "arrival_time": [
      46,
      415,
      576
    ],
    "departure_time": [
      46,
      478,
      596
    ]
  },
  "C108": {
    "size": 70,
    "lb_time": 499,
    "ub_time": 783,
    "dnode": "N8",
    "anode": "N25",
    "use": 1,
    "node": [
      "N8",
      "N25"
    ],
    "truck": [
      "T16"
    ],
    "nb_route": [
      [
        4,
        5
      ]
    ],
    "arrival_time": [
      611,
      730
    ],
    "departure_time": [
      668,
      778
    ]
  },
  "C109": {
    "size": 11,
    "lb_time": 0,
    "ub_time": 679,
    "dnode": "N24",
    "anode": "N7",
    "use": 1,
    "node": [
      "N24",
      "N7"
    ],
    "truck": [
      "T11"
    ],
    "nb_route": [
      [
        1,
        2
      ]
    ],
    "arrival_time": [
      0,
      513
    ],
    "departure_time": [
      0,
      568
    ]
  },
  "C110": {
    "size": 720,
    "lb_time": 370,
    "ub_time": 783,
    "dnode": "N14",
    "anode": "N9",
    "use": 1,
    "node": [
      "N14",
      "N9"
    ],
    "truck": [
      "T12"
    ],
    "nb_route": [
      [
        2,
        3
      ]
    ],
    "arrival_time": [
      476,
      563
    ],
    "departure_time": [
      523,
      611
    ]
  },
  "C111": {
    "size": 92,
    "lb_time": 5,
    "ub_time": 731,
    "dnode": "N24",
    "anode": "N23",
    "use": 1,
    "node": [
      "N24",
      "N6",
      "N23"
    ],
    "truck": [
      "T16",
      "T16"
    ],
    "nb_route": [
      [
        1,
        2
      ],
      [
        2,
        3
      ]
    ],
    "arrival_time": [
      51,
      504,
      531
    ],
    "departure_time": [
      51,
      531,
      555
    ]
  },
  "C112": {
    "size": 130,
    "lb_time": 66,
    "ub_time": 783,
    "dnode": "N21",
    "anode": "N6",
    "use": 1,
    "node": [
      "N21",
      "N23",
      "N6"
    ],
    "truck": [
      "T1",
      "T1"
    ],
    "nb_route": [
      [
        1,
        2
      ],
      [
        2,
        3
      ]
    ],
    "arrival_time": [
      66,
      501,
      534
    ],
    "departure_time": [
      66,
      534,
      570
    ]
  },
  "C113": {
    "size": 561,
    "lb_time": 5,
    "ub_time": 657,
    "dnode": "N24",
    "anode": "N23",
    "use": 1,
    "node": [
      "N24",
      "N6",
      "N23"
    ],
    "truck": [
      "T16",
      "T16"
    ],
    "nb_route": [
      [
        1,
        2
      ],
      [
        2,
        3
      ]
    ],
    "arrival_time": [
      51,
      504,
      531
    ],
    "departure_time": [
      51,
      531,
      555
    ]
  },
  "C114": {
    "size": 10,
    "lb_time": 499,
    "ub_time": 783,
    "dnode": "N8",
    "anode": "N25",
    "use": 1,
    "node": [
      "N8",
      "N25"
    ],
    "truck": [
      "T16"
    ],
    "nb_route": [
      [
        4,
        5
      ]
    ],
    "arrival_time": [
      611,
      730
    ],
    "departure_time": [
      668,
      778
    ]
  },
  "C115": {
    "size": 100,
    "lb_time": 561,
    "ub_time": 783,
    "dnode": "N8",
    "anode": "N25",
    "use": 1,
    "node": [
      "N8",
      "N25"
    ],
    "truck": [
      "T16"
    ],
    "nb_route": [
      [
        4,
        5
      ]
    ],
    "arrival_time": [
      611,
      730
    ],
    "departure_time": [
      668,
      778
    ]
  },
  "C116": {
    "size": 420,
    "lb_time": 93,
    "ub_time": 725,
    "dnode": "N21",
    "anode": "N13",
    "use": 1,
    "node": [
      "N21",
      "N13"
    ],
    "truck": [
      "T8"
    ],
    "nb_route": [
      [
        1,
        2
      ]
    ],
    "arrival_time": [
      93,
      553
    ],
    "departure_time": [
      93,
      601
    ]
  },
  "C117": {
    "size": 10,
    "lb_time": 499,
    "ub_time": 783,
    "dnode": "N8",
    "anode": "N25",
    "use": 1,
    "node": [
      "N8",
      "N25"
    ],
    "truck": [
      "T16"
    ],
    "nb_route": [
      [
        4,
        5
      ]
    ],
    "arrival_time": [
      611,
      730
    ],
    "departure_time": [
      668,
      778
    ]
  },
  "C118": {
    "size": 40,
    "lb_time": 0,
    "ub_time": 571,
    "dnode": "N24",
    "anode": "N7",
    "use": 1,
    "node": [
      "N24",
      "N7"
    ],
    "truck": [
      "T11"
    ],
    "nb_route": [
      [
        1,
        2
      ]
    ],
    "arrival_time": [
      0,
      513
    ],
    "departure_time": [
      0,
      568
    ]
  },
  "C119": {
    "size": 150,
    "lb_time": 0,
    "ub_time": 765,
    "dnode": "N24",
    "anode": "N7",
    "use": 1,
    "node": [
      "N24",
      "N7"
    ],
    "truck": [
      "T11"
    ],
    "nb_route": [
      [
        1,
        2
      ]
    ],
    "arrival_time": [
      0,
      513
    ],
    "departure_time": [
      0,
      568
    ]
  },
  "C120": {
    "size": 840,
    "lb_time": 11,
    "ub_time": 870,
    "dnode": "N24",
    "anode": "N7",
    "use": 1,
    "node": [
      "N24",
      "N7"
    ],
    "truck": [
      "T13"
    ],
    "nb_route": [
      [
        1,
        2
      ]
    ],
    "arrival_time": [
      11,
      524
    ],
    "departure_time": [
      11,
      565
    ]
  },
  "C121": {
    "size": 90,
    "lb_time": 5,
    "ub_time": 730,
    "dnode": "N24",
    "anode": "N23",
    "use": 1,
    "node": [
      "N24",
      "N6",
      "N23"
    ],
    "truck": [
      "T16",
      "T16"
    ],
    "nb_route": [
      [
        1,
        2
      ],
      [
        2,
        3
      ]
    ],
    "arrival_time": [
      51,
      504,
      531
    ],
    "departure_time": [
      51,
      531,
      555
    ]
  },
  "C122": {
    "size": 250,
    "lb_time": 46,
    "ub_time": 902,
    "dnode": "N24",
    "anode": "N6",
    "use": 1,
    "node": [
      "N24",
      "N1",
      "N6"
    ],
    "truck": [
      "T14",
      "T14"
    ],
    "nb_route": [
      [
        1,
        2
      ],
      [
        2,
        3
      ]
    ],
    "arrival_time": [
      46,
      415,
      576
    ],
    "departure_time": [
      46,
      478,
      596
    ]
  },
  "C123": {
    "size": 20,
    "lb_time": 5,
    "ub_time": 902,
    "dnode": "N24",
    "anode": "N6",
    "use": 1,
    "node": [
      "N24",
      "N6"
    ],
    "truck": [
      "T16"
    ],
    "nb_route": [
      [
        1,
        2
      ]
    ],
    "arrival_time": [
      51,
      504
    ],
    "departure_time": [
      51,
      531
    ]
  },
  "C124": {
    "size": 120,
    "lb_time": 46,
    "ub_time": 783,
    "dnode": "N24",
    "anode": "N6",
    "use": 1,
    "node": [
      "N24",
      "N1",
      "N6"
    ],
    "truck": [
      "T14",
      "T14"
    ],
    "nb_route": [
      [
        1,
        2
      ],
      [
        2,
        3
      ]
    ],
    "arrival_time": [
      46,
      415,
      576
    ],
    "departure_time": [
      46,
      478,
      596
    ]
  },
  "C125": {
    "size": 110,
    "lb_time": 12,
    "ub_time": 808,
    "dnode": "N24",
    "anode": "N3",
    "use": 1,
    "node": [
      "N24",
      "N3"
    ],
    "truck": [
      "T15"
    ],
    "nb_route": [
      [
        1,
        2
      ]
    ],
    "arrival_time": [
      12,
      479
    ],
    "departure_time": [
      12,
      541
    ]
  },
  "C126": {
    "size": 500,
    "lb_time": 11,
    "ub_time": 947,
    "dnode": "N24",
    "anode": "N7",
    "use": 1,
    "node": [
      "N24",
      "N7"
    ],
    "truck": [
      "T13"
    ],
    "nb_route": [
      [
        1,
        2
      ]
    ],
    "arrival_time": [
      11,
      524
    ],
    "departure_time": [
      11,
      565
    ]
  },
  "C127": {
    "size": 50,
    "lb_time": 5,
    "ub_time": 687,
    "dnode": "N24",
    "anode": "N6",
    "use": 1,
    "node": [
      "N24",
      "N6"
    ],
    "truck": [
      "T16"
    ],
    "nb_route": [
      [
        1,
        2
      ]
    ],
    "arrival_time": [
      51,
      504
    ],
    "departure_time": [
      51,
      531
    ]
  },
  "C128": {
    "size": 115,
    "lb_time": 538,
    "ub_time": 783,
    "dnode": "N8",
    "anode": "N25",
    "use": 1,
    "node": [
      "N8",
      "N25"
    ],
    "truck": [
      "T16"
    ],
    "nb_route": [
      [
        4,
        5
      ]
    ],
    "arrival_time": [
      611,
      730
    ],
    "departure_time": [
      668,
      778
    ]
  },
  "C129": {
    "size": 30,
    "lb_time": 29,
    "ub_time": 490,
    "dnode": "N24",
    "anode": "N17",
    "use": 1,
    "node": [
      "N24",
      "N17"
    ],
    "truck": [
      "T10"
    ],
    "nb_route": [
      [
        1,
        2
      ]
    ],
    "arrival_time": [
      29,
      484
    ],
    "departure_time": [
      29,
      560
    ]
  },
  "C130": {
    "size": 222,
    "lb_time": 5,
    "ub_time": 840,
    "dnode": "N24",
    "anode": "N6",
    "use": 1,
    "node": [
      "N24",
      "N6"
    ],
    "truck": [
      "T16"
    ],
    "nb_route": [
      [
        1,
        2
      ]
    ],
    "arrival_time": [
      51,
      504
    ],
    "departure_time": [
      51,
      531
    ]
  },
  "C131": {
    "size": 17,
    "lb_time": 46,
    "ub_time": 506,
    "dnode": "N24",
    "anode": "N1",
    "use": 1,
    "node": [
      "N24",
      "N1"
    ],
    "truck": [
      "T14"
    ],
    "nb_route": [
      [
        1,
        2
      ]
    ],
    "arrival_time": [
      46,
      415
    ],
    "departure_time": [
      46,
      478
    ]
  },
  "C132": {
    "size": 22,
    "lb_time": 499,
    "ub_time": 783,
    "dnode": "N8",
    "anode": "N25",
    "use": 1,
    "node": [
      "N8",
      "N25"
    ],
    "truck": [
      "T16"
    ],
    "nb_route": [
      [
        4,
        5
      ]
    ],
    "arrival_time": [
      611,
      730
    ],
    "departure_time": [
      668,
      778
    ]
  },
  "C133": {
    "size": 280,
    "lb_time": 610,
    "ub_time": 783,
    "dnode": "N8",
    "anode": "N25",
    "use": 1,
    "node": [
      "N8",
      "N25"
    ],
    "truck": [
      "T16"
    ],
    "nb_route": [
      [
        4,
        5
      ]
    ],
    "arrival_time": [
      611,
      730
    ],
    "departure_time": [
      668,
      778
    ]
  }
}