{
  "T1": {
    "dnode": "N21",
    "anode": "N6",
    "max_capacity": 10000,
    "max_worktime": 780,
    "use": 1,
    "node": [
      "N21",
      "N23",
      "N6"
    ],
    "arrival_time": [
      66,
      501,
      534
    ],
    "departure_time": [
      66,
      534,
      570
    ],
    "cargo": [
      "C7",
      "C8",
      "C25",
      "C27",
      "C103",
      "C112"
    ],
    "node_cargo": {
      "1": {
        "in": [
          "C7",
          "C8",
          "C25",
          "C27",
          "C103",
          "C112"
        ],
        "out": []
      },
      "2": {
        "in": [],
        "out": [
          "C27"
        ]
      },
      "3": {
        "in": [],
        "out": [
          "C7",
          "C8",
          "C25",
          "C103",
          "C112"
        ]
      }
    }
  },
  "T2": {
    "dnode": "N21",
    "anode": "N8",
    "max_capacity": 10000,
    "max_worktime": 780,
    "use": 1,
    "node": [
      "N21",
      "N8"
    ],
    "arrival_time": [
      77,
      538
    ],
    "departure_time": [
      77,
      605
    ],
    "cargo": [
      "C11",
      "C89"
    ],
    "node_cargo": {
      "1": {
        "in": [
          "C11",
          "C89"
        ],
        "out": []
      },
      "2": {
        "in": [],
        "out": [
          "C11",
          "C89"
        ]
      }
    }
  },
  "T3": {
    "dnode": "N21",
    "anode": "N3",
    "max_capacity": 10000,
    "max_worktime": 780,
    "use": 1,
    "node": [
      "N21",
      "N11",
      "N14",
      "N3"
    ],
    "arrival_time": [
      75,
      521,
      566,
      652
    ],
    "departure_time": [
      75,
      538,
      626,
      675
    ],
    "cargo": [
      "C20",
      "C30",
      "C31"
    ],
    "node_cargo": {
      "1": {
        "in": [
          "C20",
          "C30",
          "C31"
        ],
        "out": []
      },
      "2": {
        "in": [],
        "out": [
          "C30"
        ]
      },
      "3": {
        "in": [],
        "out": [
          "C31"
        ]
      },
      "4": {
        "in": [],
        "out": [
          "C20"
        ]
      }
    }
  },
  "T4": {
    "dnode": "N21",
    "anode": "N9",
    "max_capacity": 10000,
    "max_worktime": 780,
    "use": 1,
    "node": [
      "N21",
      "N18",
      "N15",
      "N9"
    ],
    "arrival_time": [
      107,
      532,
      607,
      666
    ],
    "departure_time": [
      107,
      571,
      627,
      720
    ],
    "cargo": [
      "C4",
      "C10",
      "C12"
    ],
    "node_cargo": {
      "1": {
        "in": [
          "C4",
          "C10",
          "C12"
        ],
        "out": []
      },
      "2": {
        "in": [],
        "out": [
          "C10"
        ]
      },
      "3": {
        "in": [],
        "out": [
          "C4"
        ]
      },
      "4": {
        "in": [],
        "out": [
          "C12"
        ]
      }
    }
  },
  "T5": {
    "dnode": "N21",
    "anode": "N19",
    "max_capacity": 10000,
    "max_worktime": 780,
    "use": 1,
    "node": [
      "N21",
      "N22",
      "N10",
      "N19"
    ],
    "arrival_time": [
      118,
      287,
      560,
      605
    ],
    "departure_time": [
      118,
      306,
      579,
      665
    ],
    "cargo": [
      "C15",
      "C22",
      "C40",
      "C65",
      "C66",
      "C102"
    ],
    "node_cargo": {
      "1": {
        "in": [
          "C15",
          "C22",
          "C40",
          "C65",
          "C66",
          "C102"
        ],
        "out": []
      },
      "2": {
        "in": [],
        "out": [
          "C22",
          "C66"
        ]
      },
      "3": {
        "in": [],
        "out": [
          "C40"
        ]
      },
      "4": {
        "in": [],
        "out": [
          "C15",
          "C65",
          "C102"
        ]
      }
    }
  },
  "T6": {
    "dnode": "N21",
    "anode": "N17",
    "max_capacity": 10000,
    "max_worktime": 780,
    "use": 1,
    "node": [
      "N21",
      "N20",
      "N26",
      "N17"
    ],
    "arrival_time": [
      61,
      508,
      584,
      634
    ],
    "departure_time": [
      61,
      540,
      623,
      665
    ],
    "cargo": [
      "C5",
      "C35",
      "C39"
    ],
    "node_cargo": {
      "1": {
        "in": [
          "C5",
          "C35",
          "C39"
        ],
        "out": []
      },
      "2": {
        "in": [],
        "out": [
          "C5"
        ]
      },
      "3": {
        "in": [],
        "out": [
          "C35"
        ]
      },
      "4": {
        "in": [],
        "out": [
          "C39"
        ]
      }
    }
  },
  "T7": {
    "dnode": "N21",
    "anode": "N4",
    "max_capacity": 10000,
    "max_worktime": 780,
    "use": 1,
    "node": [
      "N21",
      "N5",
      "N16",
      "N4"
    ],
    "arrival_time": [
      96,
      531,
      624,
      710
    ],
    "departure_time": [
      96,
      554,
      661,
      749
    ],
    "cargo": [
      "C23",
      "C29",
      "C33",
      "C70"
    ],
    "node_cargo": {
      "1": {
        "in": [
          "C23",
          "C29",
          "C33",
          "C70"
        ],
        "out": []
      },
      "2": {
        "in": [],
        "out": [
          "C33"
        ]
      },
      "3": {
        "in": [],
        "out": [
          "C29"
        ]
      },
      "4": {
        "in": [],
        "out": [
          "C23",
          "C70"
        ]
      }
    }
  },
  "T8": {
    "dnode": "N21",
    "anode": "N7",
    "max_capacity": 10000,
    "max_worktime": 780,
    "use": 1,
    "node": [
      "N21",
      "N13",
      "N7"
    ],
    "arrival_time": [
      93,
      553,
      689
    ],
    "departure_time": [
      93,
      601,
      714
    ],
    "cargo": [
      "C21",
      "C24",
      "C26",
      "C75",
      "C116"
    ],
    "node_cargo": {
      "1": {
        "in": [
          "C21",
          "C24",
          "C26",
          "C75",
          "C116"
        ],
        "out": []
      },
      "2": {
        "in": [],
        "out": [
          "C21",
          "C24",
          "C116"
        ]
      },
      "3": {
        "in": [],
        "out": [
          "C26",
          "C75"
        ]
      }
    }
  },
  "T9": {
    "dnode": "N21",
    "anode": "N1",
    "max_capacity": 10000,
    "max_worktime": 780,
    "use": 1,
    "node": [
      "N21",
      "N27",
      "N2",
      "N1"
    ],
    "arrival_time": [
      71,
      387,
      463,
      508
    ],
    "departure_time": [
      71,
      415,
      478,
      554
    ],
    "cargo": [
      "C28",
      "C32",
      "C34",
      "C36",
      "C59",
      "C67",
      "C69",
      "C74",
      "C90"
    ],
    "node_cargo": {
      "1": {
        "in": [
          "C28",
          "C32",
          "C34",
          "C36",
          "C59",
          "C67",
          "C69",
          "C74",
          "C90"
        ],
        "out": []
      },
      "2": {
        "in": [],
        "out": [
          "C32",
          "C90"
        ]
      },
      "3": {
        "in": [],
        "out": [
          "C59"
        ]
      },
      "4": {
        "in": [],
        "out": [
          "C28",
          "C34",
          "C36",
          "C67",
          "C69",
          "C74"
        ]
      }
    }
  },
  "T10": {
    "dnode": "N24",
    "anode": "N18",
    "max_capacity": 10000,
    "max_worktime": 780,
    "use": 1,
    "node": [
      "N24",
      "N17",
      "N18"
    ],
    "arrival_time": [
      29,
      484,
      591
    ],
    "departure_time": [
      29,
      560,
      651
    ],
    "cargo": [
      "C1",
      "C6",
      "C9",
      "C13",
      "C14",
      "C43",
      "C57",
      "C68",
      "C72",
      "C73",
      "C76",
      "C78",
      "C101",
      "C129"
    ],
    "node_cargo": {
      "1": {
        "in": [
          "C1",
          "C6",
          "C14",
          "C57",
          "C72",
          "C73",
          "C129"
        ],
        "out": []
      },
      "2": {
        "in": [
          "C9",
          "C13",
          "C43",
          "C68",
          "C76",
          "C78",
          "C101"
        ],
        "out": [
          "C1",
          "C14",
          "C57",
          "C72",
          "C73",
          "C129"
        ]
      },
      "3": {
        "in": [],
        "out": [
          "C6",
          "C9",
          "C13",
          "C43",
          "C68",
          "C76",
          "C78",
          "C101"
        ]
      }
    }
  },
  "T11": {
    "dnode": "N24",
    "anode": "N7",
    "max_capacity": 10000,
    "max_worktime": 780,
    "use": 1,
    "node": [
      "N24",
      "N7"
    ],
    "arrival_time": [
      0,
      513
    ],
    "departure_time": [
      0,
      568
    ],
    "cargo": [
      "C17",
      "C47",
      "C62",
      "C80",
      "C86",
      "C97",
      "C98",
      "C99",
      "C109",
      "C118",
      "C119"
    ],
    "node_cargo": {
      "1": {
        "in": [
          "C17",
          "C47",
          "C62",
          "C80",
          "C86",
          "C97",
          "C98",
          "C99",
          "C109",
          "C118",
          "C119"
        ],
        "out": []
      },
      "2": {
        "in": [],
        "out": [
          "C17",
          "C47",
          "C62",
          "C80",
          "C86",
          "C97",
          "C98",
          "C99",
          "C109",
          "C118",
          "C119"
        ]
      }
    }
  },
  "T12": {
    "dnode": "N24",
    "anode": "N9",
    "max_capacity": 10000,
    "max_worktime": 780,
    "use": 1,
    "node": [
      "N24",
      "N14",
      "N9"
    ],
    "arrival_time": [
      4,
      476,
      563
    ],
    "departure_time": [
      4,
      523,
      611
    ],
    "cargo": [
      "C2",
      "C3",
      "C18",
      "C64",
      "C87",
      "C92",
      "C110"
    ],
    "node_cargo": {
      "1": {
        "in": [
          "C2",
          "C3",
          "C18",
          "C87",
          "C92"
        ],
        "out": []
      },
      "2": {
        "in": [
          "C64",
          "C110"
        ],
        "out": [
          "C2",
          "C3",
          "C87",
          "C92"
        ]
      },
      "3": {
        "in": [],
        "out": [
          "C18",
          "C64",
          "C110"
        ]
      }
    }
  },
  "T13": {
    "dnode": "N24",
    "anode": "N7",
    "max_capacity": 10000,
    "max_worktime": 780,
    "use": 1,
    "node": [
      "N24",
      "N7"
    ],
    "arrival_time": [
      11,
      524
    ],
    "departure_time": [
      11,
      565
    ],
    "cargo": [
      "C42",
      "C44",
      "C58",
      "C79",
      "C85",
      "C91",
      "C106",
      "C120",
      "C126"
    ],
    "node_cargo": {
      "1": {
        "in": [
          "C42",
          "C44",
          "C58",
          "C79",
          "C85",
          "C91",
          "C106",
          "C120",
          "C126"
        ],
        "out": []
      },
      "2": {
        "in": [],
        "out": [
          "C42",
          "C44",
          "C58",
          "C79",
          "C85",
          "C91",
          "C106",
          "C120",
          "C126"
        ]
      }
    }
  },
  "T14": {
    "dnode": "N24",
    "anode": "N23",
    "max_capacity": 10000,
    "max_worktime": 780,
    "use": 1,
    "node": [
      "N24",
      "N1",
      "N6",
      "N23"
    ],
    "arrival_time": [
      46,
      415,
      576,
      596
    ],
    "departure_time": [
      46,
      478,
      596,
      608
    ],
    "cargo": [
      "C38",
      "C41",
      "C45",
      "C46",
      "C48",
      "C50",
      "C51",
      "C52",
      "C60",
      "C63",
      "C81",
      "C83",
      "C93",
      "C100",
      "C107",
      "C122",
      "C124",
      "C131"
    ],
    "node_cargo": {
      "1": {
        "in": [
          "C38",
          "C41",
          "C45",
          "C46",
          "C48",
          "C50",
          "C51",
          "C52",
          "C60",
          "C63",
          "C81",
          "C83",
          "C93",
          "C100",
          "C107",
          "C122",
          "C124",
          "C131"
        ],
        "out": []
      },
      "2": {
        "in": [],
        "out": [
          "C45",
          "C48",
          "C50",
          "C51",
          "C52",
          "C60",
          "C63",
          "C81",
          "C83",
          "C93",
          "C100",
          "C131"
        ]
      },
      "3": {
        "in": [],
        "out": [
          "C38",
          "C41",
          "C107",
          "C122",
          "C124"
        ]
      },
      "4": {
        "in": [],
        "out": [
          "C46"
        ]
      }
    }
  },
  "T15": {
    "dnode": "N24",
    "anode": "N16",
    "max_capacity": 10000,
    "max_worktime": 780,
    "use": 1,
    "node": [
      "N24",
      "N3",
      "N16"
    ],
    "arrival_time": [
      12,
      479,
      605
    ],
    "departure_time": [
      12,
      541,
      638
    ],
    "cargo": [
      "C19",
      "C55",
      "C56",
      "C61",
      "C84",
      "C104",
      "C125"
    ],
    "node_cargo": {
      "1": {
        "in": [
          "C19",
          "C55",
          "C56",
          "C61",
          "C84",
          "C104",
          "C125"
        ],
        "out": []
      },
      "2": {
        "in": [],
        "out": [
          "C19",
          "C55",
          "C56",
          "C84",
          "C104",
          "C125"
        ]
      },
      "3": {
        "in": [],
        "out": [
          "C61"
        ]
      }
    }
  },
  "T16": {
    "dnode": "N24",
    "anode": "N25",
    "max_capacity": 15000,
    "max_worktime": 780,
    "use": 1,
    "node": [
      "N24",
      "N6",
      "N23",
      "N8",
      "N25"
    ],
    "arrival_time": [
      51,
      504,
      531,
      611,
      730
    ],
    "departure_time": [
      51,
      531,
      555,
      668,
      778
    ],
    "cargo": [
      "C16",
      "C37",
      "C49",
      "C53",
      "C54",
      "C71",
      "C77",
      "C82",
      "C88",
      "C94",
      "C95",
      "C96",
      "C105",
      "C108",
      "C111",
      "C113",
      "C114",
      "C115",
      "C117",
      "C121",
      "C123",
      "C127",
      "C128",
      "C130",
      "C132",
      "C133"
    ],
    "node_cargo": {
      "1": {
        "in": [
          "C16",
          "C49",
          "C54",
          "C82",
          "C94",
          "C95",
          "C96",
          "C105",
          "C111",
          "C113",
          "C121",
          "C123",
          "C127",
          "C130"
        ],
        "out": []
      },
      "2": {
        "in": [],
        "out": [
          "C49",
          "C54",
          "C94",
          "C95",
          "C123",
          "C127",
          "C130"
        ]
      },
      "3": {
        "in": [],
        "out": [
          "C96",
          "C105",
          "C111",
          "C113",
          "C121"
        ]
      },
      "4": {
        "in": [
          "C37",
          "C53",
          "C71",
          "C77",
          "C88",
          "C108",
          "C114",
          "C115",
          "C117",
          "C128",
          "C132",
          "C133"
        ],
        "out": [
          "C82"
        ]
      },
      "5": {
        "in": [],
        "out": [
          "C16",
          "C37",
          "C53",
          "C71",
          "C77",
          "C88",
          "C108",
          "C114",
          "C115",
          "C117",
          "C128",
          "C132",
          "C133"
        ]
      }
    }
  }
}